timestamp,equity,cash,realized_pnl,unrealized_pnl,drawdown,open_position_qty
1762300800000014273,100000.00,100000.00,0.00,0.00,0.00,0
1762300801020036897,100000.00,100000.00,0.00,0.00,0.00,0
1762300802025521065,100000.00,100000.00,0.00,0.00,0.00,0
1762300803030062819,100010.33,99997.83,0.00,12.50,0.00,1
1762300804041687415,99997.83,99997.83,0.00,0.00,12.50,1
1762300805052657991,99997.83,99997.83,0.00,0.00,12.50,1
1762300806106381439,99997.83,99997.83,0.00,0.00,12.50,1
1762300807108632125,100020.66,100020.66,25.00,0.00,-10.33,0
1762300808121673785,100020.66,100020.66,25.00,0.00,-10.33,0
1762300809590192733,100020.66,100020.66,25.00,0.00,-10.33,0
1762300810598276187,100020.66,100020.66,25.00,0.00,-10.33,0
1762300811676276031,100020.66,100020.66,25.00,0.00,-10.33,0
1762300812857945039,100020.66,100020.66,25.00,0.00,-10.33,0
1762300813869012389,100020.66,100020.66,25.00,0.00,-10.33,0
1762300814870481893,100020.66,100020.66,25.00,0.00,-10.33,0
1762300815904850017,100020.66,100020.66,25.00,0.00,-10.33,0
1762300816918998223,100020.66,100020.66,25.00,0.00,-10.33,0
1762300817934584701,100020.66,100020.66,25.00,0.00,-10.33,0
1762300818958914179,100020.66,100020.66,25.00,0.00,-10.33,0
1762300820052223157,100020.66,100020.66,25.00,0.00,-10.33,0
1762300821053118981,100020.66,100020.66,25.00,0.00,-10.33,0
1762300822105794793,100020.66,100020.66,25.00,0.00,-10.33,0
1762300823179436039,100020.66,100020.66,25.00,0.00,-10.33,0
1762300824190368065,100020.66,100020.66,25.00,0.00,-10.33,0
1762300825224409865,100020.66,100020.66,25.00,0.00,-10.33,0
1762300826229007273,100020.66,100020.66,25.00,0.00,-10.33,0
1762300827257164715,100020.66,100020.66,25.00,0.00,-10.33,0
1762300828258953709,100020.66,100020.66,25.00,0.00,-10.33,0
1762300829287531919,100020.66,100020.66,25.00,0.00,-10.33,0
1762300830314501627,100020.66,100020.66,25.00,0.00,-10.33,0
1762300831325270947,100020.66,100020.66,25.00,0.00,-10.33,0
1762300832480381771,100020.66,100020.66,25.00,0.00,-10.33,0
1762300833680224883,100018.49,100018.49,25.00,0.00,0.00,1
1762300834927635647,100018.49,100018.49,25.00,0.00,0.00,1
1762300835934640695,100018.49,100018.49,25.00,0.00,0.00,1
1762300837044641743,100018.49,100018.49,25.00,0.00,0.00,1
1762300838260760471,100018.49,100018.49,25.00,0.00,0.00,1
1762300839434696153,100018.49,100018.49,25.00,0.00,0.00,1
1762300840451360981,100018.49,100018.49,25.00,0.00,0.00,1
1762300841559685727,100018.49,100018.49,25.00,0.00,0.00,1
1762300842576490827,100018.49,100018.49,25.00,0.00,0.00,1
1762300843663386485,100018.49,100018.49,25.00,0.00,0.00,1
1762300844677778729,100018.49,100018.49,25.00,0.00,0.00,1
1762300845934608825,100030.99,100018.49,25.00,12.50,0.00,1
1762300846984770885,100030.99,100018.49,25.00,12.50,0.00,1
1762300847991184505,100030.99,100018.49,25.00,12.50,0.00,1
1762300849016307255,100030.99,100018.49,25.00,12.50,12.50,1
1762300850051507897,100030.99,100018.49,25.00,12.50,12.50,1
1762300851052069731,100030.99,100018.49,25.00,12.50,12.50,1
1762300852057127007,100030.99,100018.49,25.00,12.50,12.50,1
1762300853064667349,100018.49,100018.49,25.00,0.00,25.00,1
1762300854127665047,100018.49,100018.49,25.00,0.00,25.00,1
1762300855133347911,100030.99,100018.49,25.00,12.50,12.50,1
1762300856149880313,100030.99,100018.49,25.00,12.50,12.50,1
1762300857161302965,100030.99,100018.49,25.00,12.50,12.50,1
1762300858166287419,100030.99,100018.49,25.00,12.50,12.50,1
1762300859231613333,100030.99,100018.49,25.00,12.50,12.50,1
1762300860233657783,100030.99,100018.49,25.00,12.50,12.50,1
1762300861278438227,100030.99,100018.49,25.00,12.50,12.50,1
1762300862353057671,100030.99,100018.49,25.00,12.50,12.50,1
1762300863356400463,100030.99,100018.49,25.00,12.50,12.50,1
1762300864358403103,100043.49,100018.49,25.00,25.00,0.00,1
1762300865371125997,100053.82,100053.82,62.50,0.00,-10.33,0
1762300866430380745,100053.82,100053.82,62.50,0.00,-10.33,0
1762300867558379775,100053.82,100053.82,62.50,0.00,-10.33,0
1762300868810468317,100053.82,100053.82,62.50,0.00,-10.33,0
1762300869832701839,100053.82,100053.82,62.50,0.00,-10.33,0
1762300871268544407,100053.82,100053.82,62.50,0.00,-10.33,0
1762300872273481905,100026.65,100051.65,62.50,-25.00,37.50,1
1762300873310349895,100014.15,100051.65,62.50,-37.50,50.00,1
1762300874329538919,100036.98,100036.98,50.00,0.00,27.17,0
1762300875396757351,100022.31,100034.81,50.00,-12.50,41.84,1
1762300876442901415,100022.31,100034.81,50.00,-12.50,41.84,1
1762300877452259735,100022.31,100034.81,50.00,-12.50,41.84,1
1762300878494711689,100034.81,100034.81,50.00,0.00,29.34,1
1762300879751409315,100034.81,100034.81,50.00,0.00,29.34,1
1762300880784319833,100034.81,100034.81,50.00,0.00,29.34,1
1762300881834280197,100034.81,100034.81,50.00,0.00,29.34,1
1762300882846494813,100034.81,100034.81,50.00,0.00,29.34,1
1762300883987553013,100034.81,100034.81,50.00,0.00,29.34,1
1762300885098703163,100022.31,100034.81,50.00,-12.50,41.84,1
1762300886099280271,100022.31,100034.81,50.00,-12.50,41.84,1
1762300887540630845,100022.31,100034.81,50.00,-12.50,41.84,1
1762300888549194203,100009.81,100034.81,50.00,-25.00,54.34,1
1762300889554816099,100009.81,100034.81,50.00,-25.00,54.34,1
1762300890564151039,99997.31,100034.81,50.00,-37.50,66.84,1
1762300891599425013,99997.31,100034.81,50.00,-37.50,66.84,1
1762300892780936819,99997.31,100034.81,50.00,-37.50,66.84,1
1762300893800660605,100009.81,100034.81,50.00,-25.00,54.34,1
1762300895098201823,100009.81,100034.81,50.00,-25.00,54.34,1
1762300896359876267,99997.31,100034.81,50.00,-37.50,66.84,1
1762300897545205035,99984.81,100034.81,50.00,-50.00,79.34,1
1762300898569077437,99972.31,100034.81,50.00,-62.50,91.84,1
1762300899593662971,99972.31,100034.81,50.00,-62.50,91.84,1
1762300900603381183,99984.81,100034.81,50.00,-50.00,79.34,1
1762300901625133401,99997.31,100034.81,50.00,-37.50,66.84,1
1762300902722876635,99997.31,100034.81,50.00,-37.50,66.84,1
1762300903772959215,99997.31,100034.81,50.00,-37.50,66.84,1
1762300904940630089,99984.81,100034.81,50.00,-50.00,79.34,1
1762300905968505333,99984.81,100034.81,50.00,-50.00,79.34,1
1762300907153157687,99984.81,100034.81,50.00,-50.00,79.34,1
1762300908452173949,99984.81,100034.81,50.00,-50.00,79.34,1
1762300909481498021,99984.81,100034.81,50.00,-50.00,79.34,1
1762300910505341791,99997.31,100034.81,50.00,-37.50,66.84,1
1762300911615068617,99984.81,100034.81,50.00,-50.00,79.34,1
1762300912625354081,100007.64,100007.64,25.00,0.00,56.51,0
1762300913637904495,100007.64,100007.64,25.00,0.00,56.51,0
1762300914878729457,100007.64,100007.64,25.00,0.00,56.51,0
1762300915970381135,100007.64,100007.64,25.00,0.00,56.51,0
1762300917052796407,100007.64,100007.64,25.00,0.00,56.51,0
1762300918193244045,100007.64,100007.64,25.00,0.00,56.51,0
1762300919480618433,100007.64,100007.64,25.00,0.00,56.51,0
1762300920482430161,100007.64,100007.64,25.00,0.00,56.51,0
1762300921637268195,100007.64,100007.64,25.00,0.00,56.51,0
1762300922701703041,100005.47,100005.47,25.00,0.00,58.68,1
1762300924048965357,100017.97,100005.47,25.00,12.50,46.18,1
1762300925244652363,100030.47,100005.47,25.00,25.00,33.68,1
1762300926349081021,100030.47,100005.47,25.00,25.00,33.68,1
1762300927372982399,100040.80,100040.80,62.50,0.00,23.35,0
1762300928396548499,100040.80,100040.80,62.50,0.00,23.35,0
1762300929416610451,100040.80,100040.80,62.50,0.00,23.35,0
1762300930418791439,100040.80,100040.80,62.50,0.00,23.35,0
1762300931440254971,100040.80,100040.80,62.50,0.00,23.35,0
1762300932530608895,100040.80,100040.80,62.50,0.00,23.35,0
1762300933535497245,100040.80,100040.80,62.50,0.00,23.35,0
1762300934545613737,100040.80,100040.80,62.50,0.00,23.35,0
1762300935680639895,100040.80,100040.80,62.50,0.00,23.35,0
1762300936751185811,100040.80,100040.80,62.50,0.00,23.35,0
1762300937784248943,100040.80,100040.80,62.50,0.00,23.35,0
1762300938788599009,100040.80,100040.80,62.50,0.00,23.35,0
1762300939895916715,100040.80,100040.80,62.50,0.00,23.35,0
1762300940915431893,100040.80,100040.80,62.50,0.00,23.35,0
1762300941915464929,100040.80,100040.80,62.50,0.00,23.35,0
1762300942918587551,100038.63,100038.63,62.50,0.00,25.52,1
1762300943944933529,100038.63,100038.63,62.50,0.00,25.52,1
1762300945138759977,100038.63,100038.63,62.50,0.00,25.52,1
1762300946198584695,100051.13,100038.63,62.50,12.50,13.02,1
1762300947275685931,100038.63,100038.63,62.50,0.00,25.52,1
1762300948363413153,100038.63,100038.63,62.50,0.00,25.52,1
1762300949436630437,100038.63,100038.63,62.50,0.00,25.52,1
1762300950469881841,100038.63,100038.63,62.50,0.00,25.52,1
1762300952004414953,100051.13,100038.63,62.50,12.50,13.02,1
1762300953040251135,100038.63,100038.63,62.50,0.00,25.52,1
1762300954079495499,100038.63,100038.63,62.50,0.00,25.52,1
1762300955285002777,100051.13,100038.63,62.50,12.50,13.02,1
1762300956444341347,100051.13,100038.63,62.50,12.50,13.02,1
1762300957480589875,100051.13,100038.63,62.50,12.50,13.02,1
1762300958635692847,100038.63,100038.63,62.50,0.00,25.52,1
1762300959660104589,100051.13,100038.63,62.50,12.50,13.02,1
1762300960870508139,100051.13,100038.63,62.50,12.50,13.02,1
1762300961948344371,100051.13,100038.63,62.50,12.50,13.02,1
1762300963036525227,100051.13,100038.63,62.50,12.50,13.02,1
1762300964233006923,100051.13,100038.63,62.50,12.50,13.02,1
1762300965511381129,100051.13,100038.63,62.50,12.50,13.02,1
1762300966533960115,100051.13,100038.63,62.50,12.50,13.02,1
1762300967535717157,100063.63,100038.63,62.50,25.00,0.52,1
1762300968583756949,100063.63,100038.63,62.50,25.00,0.52,1
1762300969814107011,100063.63,100038.63,62.50,25.00,0.52,1
1762300971003880829,100073.96,100073.96,100.00,0.00,-9.81,0
1762300972068798087,100073.96,100073.96,100.00,0.00,-9.81,0
1762300973097549059,100073.96,100073.96,100.00,0.00,-9.81,0
1762300974097894481,100084.29,100071.79,100.00,12.50,0.00,1
1762300975098657887,99969.62,100069.62,100.00,-100.00,114.67,1
1762300976102724145,99969.62,100069.62,100.00,-100.00,114.67,1
1762300977135909553,99969.62,100069.62,100.00,-100.00,114.67,1
1762300978182002153,99969.62,100069.62,100.00,-100.00,114.67,1
1762300979198849017,99994.62,100069.62,100.00,-75.00,89.67,1
1762300980200448443,100017.45,100042.45,75.00,-25.00,66.84,1
1762300981200481867,100027.78,100027.78,62.50,0.00,56.51,0
1762300982286809043,100027.78,100027.78,62.50,0.00,56.51,0
1762300983352779609,100027.78,100027.78,62.50,0.00,56.51,0
1762300984436438077,100027.78,100027.78,62.50,0.00,56.51,0
1762300985452512065,100027.78,100027.78,62.50,0.00,56.51,0
1762300986529454647,100027.78,100027.78,62.50,0.00,56.51,0
1762300987780931055,100027.78,100027.78,62.50,0.00,56.51,0
1762300988786766705,100035.94,100035.94,75.00,0.00,48.35,0
1762300989890778495,100033.77,100033.77,75.00,0.00,50.52,1
1762300990915809459,100033.77,100033.77,75.00,0.00,50.52,1
1762300991925926997,100033.77,100033.77,75.00,0.00,50.52,1
1762300992935941565,100046.27,100033.77,75.00,12.50,38.02,1
1762300993955094291,100046.27,100033.77,75.00,12.50,38.02,1
1762300995159141073,100046.27,100033.77,75.00,12.50,38.02,1
1762300996377817155,100033.77,100033.77,75.00,0.00,50.52,1
1762300997617284675,100033.77,100033.77,75.00,0.00,50.52,1
1762300998924770833,100033.77,100033.77,75.00,0.00,50.52,1
1762301000020322409,100033.77,100033.77,75.00,0.00,50.52,1
1762301001036022751,100033.77,100033.77,75.00,0.00,50.52,1
1762301002318381127,100033.77,100033.77,75.00,0.00,50.52,1
1762301003418409399,100033.77,100033.77,75.00,0.00,50.52,1
1762301004423423269,100033.77,100033.77,75.00,0.00,50.52,1
1762301005436044591,100033.77,100033.77,75.00,0.00,50.52,1
1762301006526030575,100033.77,100033.77,75.00,0.00,50.52,1
1762301007750274143,100033.77,100033.77,75.00,0.00,50.52,1
1762301008765043883,100033.77,100033.77,75.00,0.00,50.52,1
1762301009921072593,100033.77,100033.77,75.00,0.00,50.52,1
1762301010966879887,100033.77,100033.77,75.00,0.00,50.52,1
1762301012004112709,100033.77,100033.77,75.00,0.00,50.52,1
1762301013050421987,100033.77,100033.77,75.00,0.00,50.52,1
1762301014057818399,100056.60,100056.60,100.00,0.00,27.69,0
1762301015059099243,100056.60,100056.60,100.00,0.00,27.69,0
1762301016095632675,100056.60,100056.60,100.00,0.00,27.69,0
1762301017128943449,100056.60,100056.60,100.00,0.00,27.69,0
1762301018229271733,100056.60,100056.60,100.00,0.00,27.69,0
1762301019236107827,100056.60,100056.60,100.00,0.00,27.69,0
1762301020525377277,100056.60,100056.60,100.00,0.00,27.69,0
1762301021587696217,100056.60,100056.60,100.00,0.00,27.69,0
1762301022663573057,100056.60,100056.60,100.00,0.00,27.69,0
1762301023750410369,100056.60,100056.60,100.00,0.00,27.69,0
1762301025000435063,100056.60,100056.60,100.00,0.00,27.69,0
1762301026004848261,100056.60,100056.60,100.00,0.00,27.69,0
1762301027035769795,100056.60,100056.60,100.00,0.00,27.69,0
1762301028038081935,100056.60,100056.60,100.00,0.00,27.69,0
1762301029050347863,100056.60,100056.60,100.00,0.00,27.69,0
1762301030207324709,100056.60,100056.60,100.00,0.00,27.69,0
1762301031450620433,100056.60,100056.60,100.00,0.00,27.69,0
1762301032488331457,100056.60,100056.60,100.00,0.00,27.69,0
1762301033540280463,100056.60,100056.60,100.00,0.00,27.69,0
1762301034983343257,100056.60,100056.60,100.00,0.00,27.69,0
1762301036003788343,100039.76,100039.76,87.50,0.00,44.53,0
1762301037036220793,100039.76,100039.76,87.50,0.00,44.53,0
1762301038143783437,100039.76,100039.76,87.50,0.00,44.53,0
1762301039162492325,100039.76,100039.76,87.50,0.00,44.53,0
1762301040190198817,100000.09,100037.59,87.50,-37.50,84.20,1
1762301041214259005,100010.42,100010.42,62.50,0.00,73.87,0
1762301042218416101,100020.75,100008.25,62.50,12.50,63.54,1
1762301043358005681,100020.75,100008.25,62.50,12.50,63.54,1
1762301044398568321,100020.75,100008.25,62.50,12.50,63.54,1
1762301045413526185,100020.75,100008.25,62.50,12.50,63.54,1
1762301046487754829,100020.75,100008.25,62.50,12.50,63.54,1
1762301047491438941,100043.58,100043.58,100.00,0.00,40.71,0
1762301048636348383,100043.58,100043.58,100.00,0.00,40.71,0
1762301049666260039,100043.58,100043.58,100.00,0.00,40.71,0
1762301050821062367,100028.91,100041.41,100.00,-12.50,55.38,1
1762301051832788177,100051.74,100051.74,112.50,0.00,32.55,0
1762301052873106423,100051.74,100051.74,112.50,0.00,32.55,0
1762301053879962701,100062.07,100049.57,112.50,12.50,22.22,1
1762301054880954601,100084.90,100084.90,150.00,0.00,-0.61,0
1762301055894864401,100084.90,100084.90,150.00,0.00,-0.61,0
1762301056935576277,100084.90,100084.90,150.00,0.00,-0.61,0
1762301057959837941,100084.90,100084.90,150.00,0.00,-0.61,0
1762301058963978879,100084.90,100084.90,150.00,0.00,-0.61,0
1762301059979186193,100084.90,100084.90,150.00,0.00,-0.61,0
1762301061012255039,100084.90,100084.90,150.00,0.00,-0.61,0
1762301062075773281,100084.90,100084.90,150.00,0.00,-0.61,0
1762301063079156871,100084.90,100084.90,150.00,0.00,-0.61,0
1762301064364340085,100084.90,100084.90,150.00,0.00,-0.61,0
1762301065500136639,100084.90,100084.90,150.00,0.00,-0.61,0
1762301066583949021,100084.90,100084.90,150.00,0.00,-0.61,0
1762301067620745801,100084.90,100084.90,150.00,0.00,-0.61,0
1762301068644934789,100084.90,100084.90,150.00,0.00,-0.61,0
1762301069790925939,100084.90,100084.90,150.00,0.00,-0.61,0
1762301070794431101,100084.90,100084.90,150.00,0.00,-0.61,0
1762301071868423021,100084.90,100084.90,150.00,0.00,-0.61,0
1762301072916391021,100084.90,100084.90,150.00,0.00,-0.61,0
1762301073916407195,100082.73,100082.73,150.00,0.00,1.56,1
1762301074944680843,100082.73,100082.73,150.00,0.00,1.56,1
1762301076016407709,100070.23,100082.73,150.00,-12.50,14.06,1
1762301077042196635,100093.06,100093.06,162.50,0.00,-8.77,0
1762301078205654309,100093.06,100093.06,162.50,0.00,-8.77,0
1762301079246441495,100090.89,100090.89,162.50,0.00,0.00,1
1762301080246556923,100090.89,100090.89,162.50,0.00,0.00,1
1762301081274950019,100103.39,100090.89,162.50,12.50,0.00,1
1762301082357765211,100113.72,100113.72,187.50,0.00,-10.33,0
1762301083378389279,100113.72,100113.72,187.50,0.00,-10.33,0
1762301084456034289,100113.72,100113.72,187.50,0.00,-10.33,0
1762301085497961597,100113.72,100113.72,187.50,0.00,-10.33,0
1762301086528571653,100113.72,100113.72,187.50,0.00,-10.33,0
1762301087597120393,100113.72,100113.72,187.50,0.00,-10.33,0
1762301088617914191,100113.72,100113.72,187.50,0.00,-10.33,0
1762301089691348843,100099.05,100111.55,187.50,-12.50,4.34,1
1762301090703407405,100086.55,100111.55,187.50,-25.00,16.84,1
1762301091709808101,100086.55,100111.55,187.50,-25.00,16.84,1
1762301092748012865,100061.55,100111.55,187.50,-50.00,41.84,1
1762301093914398963,100061.55,100111.55,187.50,-50.00,41.84,1
1762301094920340683,100061.55,100111.55,187.50,-50.00,41.84,1
1762301096001987627,100061.55,100111.55,187.50,-50.00,41.84,1
1762301097016629523,100061.55,100111.55,187.50,-50.00,41.84,1
1762301098044630069,100096.88,100096.88,175.00,0.00,6.51,0
1762301099092729095,100096.88,100096.88,175.00,0.00,6.51,0
1762301100136116955,100096.88,100096.88,175.00,0.00,6.51,0
1762301101143117559,100096.88,100096.88,175.00,0.00,6.51,0
1762301102181379703,100096.88,100096.88,175.00,0.00,6.51,0
1762301103191647257,100096.88,100096.88,175.00,0.00,6.51,0
1762301104192401963,100096.88,100096.88,175.00,0.00,6.51,0
1762301105358146811,100082.21,100094.71,175.00,-12.50,21.18,1
1762301106406107529,100082.21,100094.71,175.00,-12.50,21.18,1
1762301107419949987,100082.21,100094.71,175.00,-12.50,21.18,1
1762301108464809581,100069.71,100094.71,175.00,-25.00,33.68,1
1762301109562668377,100069.71,100094.71,175.00,-25.00,33.68,1
1762301110563158435,100069.71,100094.71,175.00,-25.00,33.68,1
1762301111564479165,100044.71,100094.71,175.00,-50.00,58.68,1
1762301112649193071,100044.71,100094.71,175.00,-50.00,58.68,1
1762301113707216137,100032.21,100094.71,175.00,-62.50,71.18,1
1762301114726819357,100042.54,100042.54,125.00,0.00,60.85,0
1762301115770599109,100042.54,100042.54,125.00,0.00,60.85,0
1762301116832026683,100042.54,100042.54,125.00,0.00,60.85,0
1762301117960648937,100042.54,100042.54,125.00,0.00,60.85,0
1762301119062987435,100042.54,100042.54,125.00,0.00,60.85,0
1762301120166069557,100042.54,100042.54,125.00,0.00,60.85,0
1762301121219458817,100042.54,100042.54,125.00,0.00,60.85,0
1762301122257629445,100042.54,100042.54,125.00,0.00,60.85,0
1762301123437499645,100027.87,100040.37,125.00,-12.50,75.52,1
1762301124485807797,100015.37,100040.37,125.00,-25.00,88.02,1
1762301125535340717,100002.87,100040.37,125.00,-37.50,100.52,1
1762301126602223935,100002.87,100040.37,125.00,-37.50,100.52,1
1762301127616570913,100002.87,100040.37,125.00,-37.50,100.52,1
1762301128660005769,100002.87,100040.37,125.00,-37.50,100.52,1
1762301129661716643,99990.37,100040.37,125.00,-50.00,113.02,1
1762301130721499029,99990.37,100040.37,125.00,-50.00,113.02,1
1762301131809902497,99977.87,100040.37,125.00,-62.50,125.52,1
1762301132963562505,99965.37,100040.37,125.00,-75.00,138.02,1
1762301133965853055,99940.37,100040.37,125.00,-100.00,163.02,1
1762301134993546947,99940.37,100040.37,125.00,-100.00,163.02,1
1762301136008923389,99940.37,100040.37,125.00,-100.00,163.02,1
1762301137029507423,99963.20,99963.20,50.00,0.00,140.19,0
1762301138090135401,99963.20,99963.20,50.00,0.00,140.19,0
1762301139136855947,99963.20,99963.20,50.00,0.00,140.19,0
1762301140140495145,99961.03,99961.03,50.00,0.00,142.36,1
1762301141217665649,99961.03,99961.03,50.00,0.00,142.36,1
1762301142236868563,99961.03,99961.03,50.00,0.00,142.36,1
1762301143275952459,99983.86,99983.86,75.00,0.00,119.53,0
1762301144446707865,99983.86,99983.86,75.00,0.00,119.53,0
1762301145461055497,99983.86,99983.86,75.00,0.00,119.53,0
1762301146481507465,99983.86,99983.86,75.00,0.00,119.53,0
1762301147484172881,99983.86,99983.86,75.00,0.00,119.53,0
1762301148484522475,99969.19,99981.69,75.00,-12.50,134.20,1
1762301149566205293,99969.19,99981.69,75.00,-12.50,134.20,1
1762301150672170071,99992.02,99992.02,87.50,0.00,111.37,0
1762301151692342255,99992.02,99992.02,87.50,0.00,111.37,0
1762301152716991275,99992.02,99992.02,87.50,0.00,111.37,0
1762301153733950337,99992.02,99992.02,87.50,0.00,111.37,0
1762301154746651619,99992.02,99992.02,87.50,0.00,111.37,0
1762301155752723793,99992.02,99992.02,87.50,0.00,111.37,0
1762301156763007287,99992.02,99992.02,87.50,0.00,111.37,0
1762301158106529935,99989.85,99989.85,87.50,0.00,113.54,1
1762301159116459695,99977.35,99989.85,87.50,-12.50,126.04,1
1762301160282186551,99977.35,99989.85,87.50,-12.50,126.04,1
1762301161297184389,99977.35,99989.85,87.50,-12.50,126.04,1
1762301162329380159,99952.35,99989.85,87.50,-37.50,151.04,1
1762301163437093693,99952.35,99989.85,87.50,-37.50,151.04,1
1762301164456959121,99952.35,99989.85,87.50,-37.50,151.04,1
1762301165485667871,99952.35,99989.85,87.50,-37.50,151.04,1
1762301166742881853,99952.35,99989.85,87.50,-37.50,151.04,1
1762301167770379157,99952.35,99989.85,87.50,-37.50,151.04,1
1762301168797056429,99952.35,99989.85,87.50,-37.50,151.04,1
1762301169817894893,99939.85,99989.85,87.50,-50.00,163.54,1
1762301170865349875,99939.85,99989.85,87.50,-50.00,163.54,1
1762301171882006219,99939.85,99989.85,87.50,-50.00,163.54,1
1762301172945952243,99939.85,99989.85,87.50,-50.00,163.54,1
1762301174017222113,99962.68,99962.68,62.50,0.00,140.71,0
1762301175041256495,99962.68,99962.68,62.50,0.00,140.71,0
1762301176050640829,99962.68,99962.68,62.50,0.00,140.71,0
1762301177052353841,99962.68,99962.68,62.50,0.00,140.71,0
1762301178124078343,99962.68,99962.68,62.50,0.00,140.71,0
1762301179124916083,99962.68,99962.68,62.50,0.00,140.71,0
1762301180349862549,99962.68,99962.68,62.50,0.00,140.71,0
1762301181409255371,99962.68,99962.68,62.50,0.00,140.71,0
1762301182447249221,99962.68,99962.68,62.50,0.00,140.71,0
1762301183487943203,99962.68,99962.68,62.50,0.00,140.71,0
1762301184505605523,99983.34,99983.34,87.50,0.00,120.05,0
1762301185537275277,99983.34,99983.34,87.50,0.00,120.05,0
1762301186555849059,99983.34,99983.34,87.50,0.00,120.05,0
1762301187715747647,99983.34,99983.34,87.50,0.00,120.05,0
1762301188729381009,99983.34,99983.34,87.50,0.00,120.05,0
1762301189729698111,99983.34,99983.34,87.50,0.00,120.05,0
1762301190887713883,99983.34,99983.34,87.50,0.00,120.05,0
1762301191934610149,99983.34,99983.34,87.50,0.00,120.05,0
1762301193026349245,99968.67,99981.17,87.50,-12.50,134.72,1
1762301194095881223,99968.67,99981.17,87.50,-12.50,134.72,1
1762301195210737349,99968.67,99981.17,87.50,-12.50,134.72,1
1762301196264706453,99968.67,99981.17,87.50,-12.50,134.72,1
1762301197470019195,99943.67,99981.17,87.50,-37.50,159.72,1
1762301198486004463,99943.67,99981.17,87.50,-37.50,159.72,1
1762301199511755495,99931.17,99981.17,87.50,-50.00,172.22,1
1762301200606189203,99943.67,99981.17,87.50,-37.50,159.72,1
1762301201642613471,99966.50,99966.50,75.00,0.00,136.89,0
1762301202646284533,99966.50,99966.50,75.00,0.00,136.89,0
1762301203760851471,99966.50,99966.50,75.00,0.00,136.89,0
1762301204761603981,99914.33,99964.33,75.00,-50.00,189.06,1
1762301205773253533,99864.33,99964.33,75.00,-100.00,239.06,1
1762301206779554163,99874.66,99874.66,-12.50,0.00,228.73,0
1762301207804892425,99874.66,99874.66,-12.50,0.00,228.73,0
1762301208805222101,99874.66,99874.66,-12.50,0.00,228.73,0
1762301209822677613,99859.99,99872.49,-12.50,-12.50,243.40,1
1762301210840397635,99882.82,99882.82,0.00,0.00,220.57,0
1762301211885308335,99868.15,99880.65,0.00,-12.50,235.24,1
1762301212996173243,99880.65,99880.65,0.00,0.00,222.74,1
1762301214037445341,99868.15,99880.65,0.00,-12.50,235.24,1
1762301215037462301,99890.98,99890.98,12.50,0.00,212.41,0
1762301216037560449,99890.98,99890.98,12.50,0.00,212.41,0
1762301217057128305,99890.98,99890.98,12.50,0.00,212.41,0
1762301218068131171,99890.98,99890.98,12.50,0.00,212.41,0
1762301219117488477,99890.98,99890.98,12.50,0.00,212.41,0
1762301220132833173,99876.31,99888.81,12.50,-12.50,227.08,1
1762301221134054663,99876.31,99888.81,12.50,-12.50,227.08,1
1762301222137702359,99863.81,99888.81,12.50,-25.00,239.58,1
1762301223140495015,99863.81,99888.81,12.50,-25.00,239.58,1
1762301224148154929,99863.81,99888.81,12.50,-25.00,239.58,1
1762301225158713299,99863.81,99888.81,12.50,-25.00,239.58,1
1762301226201848457,99863.81,99888.81,12.50,-25.00,239.58,1
1762301227225991049,99863.81,99888.81,12.50,-25.00,239.58,1
1762301228248320375,99863.81,99888.81,12.50,-25.00,239.58,1
1762301229277105381,99863.81,99888.81,12.50,-25.00,239.58,1
1762301230306994699,99863.81,99888.81,12.50,-25.00,239.58,1
1762301231351119177,99851.31,99888.81,12.50,-37.50,252.08,1
1762301232457131757,99851.31,99888.81,12.50,-37.50,252.08,1
1762301233459631199,99826.31,99888.81,12.50,-62.50,277.08,1
1762301234461857023,99826.31,99888.81,12.50,-62.50,277.08,1
1762301235574845909,99826.31,99888.81,12.50,-62.50,277.08,1
1762301236650949005,99813.81,99888.81,12.50,-75.00,289.58,1
1762301237705747655,99826.31,99888.81,12.50,-62.50,277.08,1
1762301238792978331,99826.31,99888.81,12.50,-62.50,277.08,1
1762301239863894523,99849.14,99849.14,-25.00,0.00,254.25,0
1762301240891979169,99849.14,99849.14,-25.00,0.00,254.25,0
1762301241957223929,99849.14,99849.14,-25.00,0.00,254.25,0
1762301242970741909,99821.97,99846.97,-25.00,-25.00,281.42,1
1762301244064755697,99834.47,99846.97,-25.00,-12.50,268.92,1
1762301245106595615,99846.97,99846.97,-25.00,0.00,256.42,1
1762301246117695473,99846.97,99846.97,-25.00,0.00,256.42,1
1762301247117739751,99846.97,99846.97,-25.00,0.00,256.42,1
1762301248187213145,99846.97,99846.97,-25.00,0.00,256.42,1
1762301249208354217,99859.47,99846.97,-25.00,12.50,243.92,1
1762301250296341563,99869.80,99869.80,0.00,0.00,233.59,0
1762301251341951201,99869.80,99869.80,0.00,0.00,233.59,0
1762301252353846259,99855.13,99867.63,0.00,-12.50,248.26,1
1762301253396518827,99855.13,99867.63,0.00,-12.50,248.26,1
1762301254436005983,99855.13,99867.63,0.00,-12.50,248.26,1
1762301255625717895,99867.63,99867.63,0.00,0.00,235.76,1
1762301256688909833,99855.13,99867.63,0.00,-12.50,248.26,1
1762301257737669211,99867.63,99867.63,0.00,0.00,235.76,1
1762301259094825959,99867.63,99867.63,0.00,0.00,235.76,1
1762301260426716987,99867.63,99867.63,0.00,0.00,235.76,1
1762301261643071611,99890.46,99890.46,25.00,0.00,212.93,0
1762301262784754039,99875.79,99888.29,25.00,-12.50,227.60,1
1762301263989451745,99888.29,99888.29,25.00,0.00,215.10,1
1762301265007360589,99898.62,99898.62,37.50,0.00,204.77,0
1762301266435973149,99898.62,99898.62,37.50,0.00,204.77,0
1762301267581756953,99898.62,99898.62,37.50,0.00,204.77,0
1762301268627217585,99898.62,99898.62,37.50,0.00,204.77,0
1762301269748034841,99898.62,99898.62,37.50,0.00,204.77,0
1762301270754473457,99898.62,99898.62,37.50,0.00,204.77,0
1762301271768879985,99898.62,99898.62,37.50,0.00,204.77,0
1762301273139052635,99898.62,99898.62,37.50,0.00,204.77,0
1762301274337415169,99898.62,99898.62,37.50,0.00,204.77,0
1762301275379007103,99898.62,99898.62,37.50,0.00,204.77,0
1762301276647523445,99898.62,99898.62,37.50,0.00,204.77,0
1762301277814651341,99898.62,99898.62,37.50,0.00,204.77,0
1762301278838068009,99898.62,99898.62,37.50,0.00,204.77,0
1762301279838071463,99898.62,99898.62,37.50,0.00,204.77,0
1762301280853311329,99898.62,99898.62,37.50,0.00,204.77,0
1762301282114472705,99898.62,99898.62,37.50,0.00,204.77,0
1762301283125011127,99896.45,99896.45,37.50,0.00,206.94,1
1762301284155617933,99919.28,99919.28,62.50,0.00,184.11,0
1762301285209540319,99919.28,99919.28,62.50,0.00,184.11,0
1762301286248107559,99919.28,99919.28,62.50,0.00,184.11,0
1762301287349641975,99919.28,99919.28,62.50,0.00,184.11,0
1762301288357582207,99919.28,99919.28,62.50,0.00,184.11,0
1762301289368505237,99919.28,99919.28,62.50,0.00,184.11,0
1762301290385347609,99919.28,99919.28,62.50,0.00,184.11,0
1762301291522826399,99919.28,99919.28,62.50,0.00,184.11,0
1762301292652130405,99919.28,99919.28,62.50,0.00,184.11,0
1762301293672194925,99904.61,99917.11,62.50,-12.50,198.78,1
1762301294673148973,99904.61,99917.11,62.50,-12.50,198.78,1
1762301295718146253,99904.61,99917.11,62.50,-12.50,198.78,1
1762301296818098099,99914.94,99914.94,62.50,0.00,188.45,0
1762301297825852509,99900.27,99912.77,62.50,-12.50,203.12,1
1762301298871153937,99887.77,99912.77,62.50,-25.00,215.62,1
1762301300014694161,99900.27,99912.77,62.50,-12.50,203.12,1
1762301301109755001,99900.27,99912.77,62.50,-12.50,203.12,1
1762301302471595871,99887.77,99912.77,62.50,-25.00,215.62,1
1762301303556022621,99887.77,99912.77,62.50,-25.00,215.62,1
1762301304628194451,99875.27,99912.77,62.50,-37.50,228.12,1
1762301305693595703,99887.77,99912.77,62.50,-25.00,215.62,1
1762301306744170733,99887.77,99912.77,62.50,-25.00,215.62,1
1762301307805794521,99887.77,99912.77,62.50,-25.00,215.62,1
1762301308816838215,99887.77,99912.77,62.50,-25.00,215.62,1
1762301309926630205,99900.27,99912.77,62.50,-12.50,203.12,1
1762301311080255587,99900.27,99912.77,62.50,-12.50,203.12,1
1762301312122091069,99900.27,99912.77,62.50,-12.50,203.12,1
1762301313293347057,99887.77,99912.77,62.50,-25.00,215.62,1
1762301314420298117,99887.77,99912.77,62.50,-25.00,215.62,1
1762301315470896901,99887.77,99912.77,62.50,-25.00,215.62,1
1762301316698604883,99887.77,99912.77,62.50,-25.00,215.62,1
1762301317738348691,99875.27,99912.77,62.50,-37.50,228.12,1
1762301319245298021,99875.27,99912.77,62.50,-37.50,228.12,1
1762301320298299189,99875.27,99912.77,62.50,-37.50,228.12,1
1762301321910755257,99875.27,99912.77,62.50,-37.50,228.12,1
1762301322919701015,99875.27,99912.77,62.50,-37.50,228.12,1
1762301324655457297,99850.27,99912.77,62.50,-62.50,253.12,1
1762301325779904583,99850.27,99912.77,62.50,-62.50,253.12,1
1762301326816918973,99850.27,99912.77,62.50,-62.50,253.12,1
1762301327822853401,99810.60,99910.60,62.50,-100.00,292.79,1
1762301328871791213,99785.60,99910.60,62.50,-125.00,317.79,1
1762301329920148785,99808.43,99858.43,12.50,-50.00,294.96,1
1762301330989668355,99808.43,99858.43,12.50,-50.00,294.96,1
1762301332009795237,99808.43,99858.43,12.50,-50.00,294.96,1
1762301333273451943,99831.26,99831.26,-12.50,0.00,272.13,0
1762301334309338177,99831.26,99831.26,-12.50,0.00,272.13,0
1762301335313866485,99829.09,99829.09,-12.50,0.00,274.30,1
1762301336321601749,99816.59,99829.09,-12.50,-12.50,286.80,1
1762301337338538299,99837.25,99849.75,12.50,-12.50,266.14,1
1762301338355486887,99849.75,99849.75,12.50,0.00,253.64,1
1762301339459294183,99849.75,99849.75,12.50,0.00,253.64,1
1762301340462118319,99847.58,99847.58,12.50,0.00,255.81,0
1762301341479952955,99847.58,99847.58,12.50,0.00,255.81,0
1762301342501797615,99847.58,99847.58,12.50,0.00,255.81,0
1762301343518468581,99847.58,99847.58,12.50,0.00,255.81,0
1762301344518476697,99847.58,99847.58,12.50,0.00,255.81,0
1762301345553746115,99832.91,99845.41,12.50,-12.50,270.48,1
1762301346659350753,99820.41,99845.41,12.50,-25.00,282.98,1
1762301347675807917,99807.91,99845.41,12.50,-37.50,295.48,1
1762301348685256433,99807.91,99845.41,12.50,-37.50,295.48,1
1762301349816112765,99807.91,99845.41,12.50,-37.50,295.48,1
1762301350838202731,99795.41,99845.41,12.50,-50.00,307.98,1
1762301351933540259,99782.91,99845.41,12.50,-62.50,320.48,1
1762301352938083237,99770.41,99845.41,12.50,-75.00,332.98,1
1762301354001062291,99757.91,99845.41,12.50,-87.50,345.48,1
1762301355034339717,99770.41,99845.41,12.50,-75.00,332.98,1
1762301356055095765,99770.41,99845.41,12.50,-75.00,332.98,1
1762301357061104905,99793.24,99793.24,-37.50,0.00,310.15,0
1762301358149693969,99793.24,99793.24,-37.50,0.00,310.15,0
1762301359516256209,99778.57,99791.07,-37.50,-12.50,324.82,1
1762301360771890101,99778.57,99791.07,-37.50,-12.50,324.82,1
1762301361886105087,99766.07,99791.07,-37.50,-25.00,337.32,1
1762301362912913153,99766.07,99791.07,-37.50,-25.00,337.32,1
1762301364038714057,99778.57,99791.07,-37.50,-12.50,324.82,1
1762301365038755299,99786.73,99799.23,-25.00,-12.50,316.66,1
1762301366058337463,99786.73,99799.23,-25.00,-12.50,316.66,1
1762301367089132005,99786.73,99799.23,-25.00,-12.50,316.66,1
1762301368291865599,99786.73,99799.23,-25.00,-12.50,316.66,1
1762301369313760393,99786.73,99799.23,-25.00,-12.50,316.66,1
1762301370318238227,99799.23,99799.23,-25.00,0.00,304.16,1
1762301371371442893,99811.73,99799.23,-25.00,12.50,291.66,1
1762301372405644339,99811.73,99799.23,-25.00,12.50,291.66,1
1762301373437513033,99799.23,99799.23,-25.00,0.00,304.16,1
1762301374438825081,99786.73,99799.23,-25.00,-12.50,316.66,1
1762301375561179905,99799.23,99799.23,-25.00,0.00,304.16,1
1762301376574850467,99809.56,99809.56,-12.50,0.00,293.83,0
1762301377632520939,99809.56,99809.56,-12.50,0.00,293.83,0
1762301378842938657,99809.56,99809.56,-12.50,0.00,293.83,0
1762301379847521567,99809.56,99809.56,-12.50,0.00,293.83,0
1762301381040449149,99809.56,99809.56,-12.50,0.00,293.83,0
1762301382043042929,99809.56,99809.56,-12.50,0.00,293.83,0
1762301383186129999,99794.89,99807.39,-12.50,-12.50,308.50,1
1762301384218829525,99817.72,99817.72,0.00,0.00,285.67,0
1762301385233499317,99803.05,99815.55,0.00,-12.50,300.34,1
1762301386237853327,99803.05,99815.55,0.00,-12.50,300.34,1
1762301387422479757,99803.05,99815.55,0.00,-12.50,300.34,1
1762301388428240757,99803.05,99815.55,0.00,-12.50,300.34,1
1762301389454084995,99815.55,99815.55,0.00,0.00,287.84,1
1762301390504370277,99815.55,99815.55,0.00,0.00,287.84,1
1762301391535519649,99825.88,99825.88,12.50,0.00,277.51,0
1762301392538910037,99825.88,99825.88,12.50,0.00,277.51,0
1762301393594416205,99825.88,99825.88,12.50,0.00,277.51,0
1762301394942831345,99825.88,99825.88,12.50,0.00,277.51,0
1762301395995492903,99825.88,99825.88,12.50,0.00,277.51,0
1762301397022617755,99825.88,99825.88,12.50,0.00,277.51,0
1762301398028130559,99825.88,99825.88,12.50,0.00,277.51,0
1762301399078176873,99825.88,99825.88,12.50,0.00,277.51,0
1762301400092555919,99825.88,99825.88,12.50,0.00,277.51,0
1762301401153376279,99825.88,99825.88,12.50,0.00,277.51,0
1762301402161659145,99825.88,99825.88,12.50,0.00,277.51,0
1762301403296550247,99825.88,99825.88,12.50,0.00,277.51,0
1762301404355336801,99825.88,99825.88,12.50,0.00,277.51,0
1762301405449506229,99823.71,99823.71,12.50,0.00,279.68,1
1762301406463858931,99811.21,99823.71,12.50,-12.50,292.18,1
1762301407549038197,99811.21,99823.71,12.50,-12.50,292.18,1
1762301408650404503,99811.21,99823.71,12.50,-12.50,292.18,1
1762301409661256083,99811.21,99823.71,12.50,-12.50,292.18,1
1762301410868532497,99811.21,99823.71,12.50,-12.50,292.18,1
1762301412063817577,99811.21,99823.71,12.50,-12.50,292.18,1
1762301413082195577,99811.21,99823.71,12.50,-12.50,292.18,1
1762301414524233125,99811.21,99823.71,12.50,-12.50,292.18,1
1762301415526820647,99798.71,99823.71,12.50,-25.00,304.68,1
1762301416553657279,99798.71,99823.71,12.50,-25.00,304.68,1
1762301417857029835,99798.71,99823.71,12.50,-25.00,304.68,1
1762301418862506593,99773.71,99823.71,12.50,-50.00,329.68,1
1762301419865347709,99773.71,99823.71,12.50,-50.00,329.68,1
1762301420865836219,99773.71,99823.71,12.50,-50.00,329.68,1
1762301421927283195,99773.71,99823.71,12.50,-50.00,329.68,1
1762301423005329089,99761.21,99823.71,12.50,-62.50,342.18,1
1762301424028833411,99773.71,99823.71,12.50,-50.00,329.68,1
1762301425049171557,99786.21,99823.71,12.50,-37.50,317.18,1
1762301426164117091,99773.71,99823.71,12.50,-50.00,329.68,1
1762301427261882125,99773.71,99823.71,12.50,-50.00,329.68,1
1762301428355720105,99773.71,99823.71,12.50,-50.00,329.68,1
1762301429365245277,99748.71,99823.71,12.50,-75.00,354.68,1
1762301430430183451,99736.21,99823.71,12.50,-87.50,367.18,1
1762301431563078873,99723.71,99823.71,12.50,-100.00,379.68,1
1762301432570176675,99723.71,99823.71,12.50,-100.00,379.68,1
1762301433579768831,99711.21,99823.71,12.50,-112.50,392.18,1
1762301434605950209,99746.54,99746.54,-62.50,0.00,356.85,0
1762301435658547263,99746.54,99746.54,-62.50,0.00,356.85,0
1762301436719186343,99746.54,99746.54,-62.50,0.00,356.85,0
1762301437739263575,99746.54,99746.54,-62.50,0.00,356.85,0
1762301438753590439,99746.54,99746.54,-62.50,0.00,356.85,0
1762301439842530065,99746.54,99746.54,-62.50,0.00,356.85,0
1762301440857983121,99746.54,99746.54,-62.50,0.00,356.85,0
1762301441949322201,99746.54,99746.54,-62.50,0.00,356.85,0
1762301442961015881,99746.54,99746.54,-62.50,0.00,356.85,0
1762301444072833483,99746.54,99746.54,-62.50,0.00,356.85,0
1762301445414256579,99744.37,99744.37,-62.50,0.00,359.02,1
1762301446449346367,99756.87,99744.37,-62.50,12.50,346.52,1
1762301447453452295,99756.87,99744.37,-62.50,12.50,346.52,1
1762301448500348215,99767.20,99767.20,-37.50,0.00,336.19,0
1762301449537891825,99767.20,99767.20,-37.50,0.00,336.19,0
1762301450693350613,99767.20,99767.20,-37.50,0.00,336.19,0
1762301451707433829,99767.20,99767.20,-37.50,0.00,336.19,0
1762301452787505847,99767.20,99767.20,-37.50,0.00,336.19,0
1762301453817933805,99740.03,99765.03,-37.50,-25.00,363.36,1
1762301454908550611,99740.03,99765.03,-37.50,-25.00,363.36,1
1762301456019353331,99740.03,99765.03,-37.50,-25.00,363.36,1
1762301457023783965,99727.53,99765.03,-37.50,-37.50,375.86,1
1762301458028134457,99727.53,99765.03,-37.50,-37.50,375.86,1
1762301459044304921,99727.53,99765.03,-37.50,-37.50,375.86,1
1762301460065149821,99715.03,99765.03,-37.50,-50.00,388.36,1
1762301461075015033,99712.86,99712.86,-87.50,0.00,390.53,0
1762301462119856537,99710.69,99710.69,-87.50,0.00,392.70,1
1762301463218131459,99698.19,99710.69,-87.50,-12.50,405.20,1
1762301464238391581,99698.19,99710.69,-87.50,-12.50,405.20,1
1762301465239516101,99698.19,99710.69,-87.50,-12.50,405.20,1
1762301466240938059,99685.69,99710.69,-87.50,-25.00,417.70,1
1762301467260376349,99685.69,99710.69,-87.50,-25.00,417.70,1
1762301468268900129,99698.19,99710.69,-87.50,-12.50,405.20,1
1762301469269294425,99710.69,99710.69,-87.50,0.00,392.70,1
1762301470287807097,99710.69,99710.69,-87.50,0.00,392.70,1
1762301471303838469,99710.69,99710.69,-87.50,0.00,392.70,1
1762301472316909947,99698.19,99710.69,-87.50,-12.50,405.20,1
1762301473321286777,99685.69,99710.69,-87.50,-25.00,417.70,1
1762301474572138627,99685.69,99710.69,-87.50,-25.00,417.70,1
1762301475604505365,99685.69,99710.69,-87.50,-25.00,417.70,1
1762301476637347683,99721.02,99721.02,-75.00,0.00,382.37,0
1762301477711130739,99721.02,99721.02,-75.00,0.00,382.37,0
1762301478739600263,99721.02,99721.02,-75.00,0.00,382.37,0
1762301479936847931,99721.02,99721.02,-75.00,0.00,382.37,0
1762301480998154159,99721.02,99721.02,-75.00,0.00,382.37,0
1762301482049729603,99693.85,99718.85,-75.00,-25.00,409.54,1
1762301483219827241,99693.85,99718.85,-75.00,-25.00,409.54,1
1762301484239541835,99681.35,99718.85,-75.00,-37.50,422.04,1
1762301485242167509,99681.35,99718.85,-75.00,-37.50,422.04,1
1762301486334444973,99691.68,99691.68,-100.00,0.00,411.71,0
1762301487358772389,99691.68,99691.68,-100.00,0.00,411.71,0
1762301488361556519,99691.68,99691.68,-100.00,0.00,411.71,0
1762301489385926621,99691.68,99691.68,-100.00,0.00,411.71,0
1762301490419618277,99691.68,99691.68,-100.00,0.00,411.71,0
1762301491439713737,99691.68,99691.68,-100.00,0.00,411.71,0
1762301492449911401,99677.01,99689.51,-100.00,-12.50,426.38,1
1762301493510342159,99677.01,99689.51,-100.00,-12.50,426.38,1
1762301494539727067,99677.01,99689.51,-100.00,-12.50,426.38,1
1762301495611196021,99677.01,99689.51,-100.00,-12.50,426.38,1
1762301496628107959,99677.01,99689.51,-100.00,-12.50,426.38,1
1762301497642991029,99677.01,99689.51,-100.00,-12.50,426.38,1
1762301498914993299,99677.01,99689.51,-100.00,-12.50,426.38,1
1762301499946714653,99664.51,99689.51,-100.00,-25.00,438.88,1
1762301500953630311,99664.51,99689.51,-100.00,-25.00,438.88,1
1762301502331602269,99664.51,99689.51,-100.00,-25.00,438.88,1
1762301503335771013,99664.51,99689.51,-100.00,-25.00,438.88,1
1762301504500066911,99664.51,99689.51,-100.00,-25.00,438.88,1
1762301505561479253,99664.51,99689.51,-100.00,-25.00,438.88,1
1762301506617516795,99664.51,99689.51,-100.00,-25.00,438.88,1
1762301507662986671,99664.51,99689.51,-100.00,-25.00,438.88,1
1762301508729907533,99677.01,99689.51,-100.00,-12.50,426.38,1
1762301509799340199,99677.01,99689.51,-100.00,-12.50,426.38,1
1762301510800152119,99689.51,99689.51,-100.00,0.00,413.88,1
1762301511839936403,99689.51,99689.51,-100.00,0.00,413.88,1
1762301512898785867,99689.51,99689.51,-100.00,0.00,413.88,1
1762301513986142393,99677.01,99689.51,-100.00,-12.50,426.38,1
1762301515031262887,99689.51,99689.51,-100.00,0.00,413.88,1
1762301516050248341,99689.51,99689.51,-100.00,0.00,413.88,1
1762301517616648455,99689.51,99689.51,-100.00,0.00,413.88,1
1762301518681130765,99689.51,99689.51,-100.00,0.00,413.88,1
1762301519719922495,99677.01,99689.51,-100.00,-12.50,426.38,1
1762301520933360975,99677.01,99689.51,-100.00,-12.50,426.38,1
1762301522011305003,99677.01,99689.51,-100.00,-12.50,426.38,1
1762301523040048355,99689.51,99689.51,-100.00,0.00,413.88,1
1762301524055301171,99699.84,99699.84,-87.50,0.00,403.55,0
1762301525226586977,99699.84,99699.84,-87.50,0.00,403.55,0
1762301526235458507,99699.84,99699.84,-87.50,0.00,403.55,0
1762301527240106727,99699.84,99699.84,-87.50,0.00,403.55,0
1762301528284028733,99699.84,99699.84,-87.50,0.00,403.55,0
1762301529514112869,99699.84,99699.84,-87.50,0.00,403.55,0
1762301530680527213,99699.84,99699.84,-87.50,0.00,403.55,0
1762301531716193757,99699.84,99699.84,-87.50,0.00,403.55,0
1762301532750148697,99699.84,99699.84,-87.50,0.00,403.55,0
1762301533952043059,99699.84,99699.84,-87.50,0.00,403.55,0
1762301535121955935,99699.84,99699.84,-87.50,0.00,403.55,0
1762301536423271667,99699.84,99699.84,-87.50,0.00,403.55,0
1762301537440169099,99699.84,99699.84,-87.50,0.00,403.55,0
1762301538462379171,99699.84,99699.84,-87.50,0.00,403.55,0
1762301539515505777,99699.84,99699.84,-87.50,0.00,403.55,0
1762301540526958617,99699.84,99699.84,-87.50,0.00,403.55,0
1762301541538661631,99699.84,99699.84,-87.50,0.00,403.55,0
1762301542561847799,99699.84,99699.84,-87.50,0.00,403.55,0
1762301543561861203,99699.84,99699.84,-87.50,0.00,403.55,0
1762301544634676039,99699.84,99699.84,-87.50,0.00,403.55,0
1762301545661785787,99699.84,99699.84,-87.50,0.00,403.55,0
1762301546661787623,99699.84,99699.84,-87.50,0.00,403.55,0
1762301547826646267,99699.84,99699.84,-87.50,0.00,403.55,0
1762301549009817643,99699.84,99699.84,-87.50,0.00,403.55,0
1762301550066540459,99699.84,99699.84,-87.50,0.00,403.55,0
1762301551088348399,99699.84,99699.84,-87.50,0.00,403.55,0
1762301552111745447,99699.84,99699.84,-87.50,0.00,403.55,0
1762301553120352407,99699.84,99699.84,-87.50,0.00,403.55,0
1762301554126194827,99699.84,99699.84,-87.50,0.00,403.55,0
1762301555155144097,99699.84,99699.84,-87.50,0.00,403.55,0
1762301556184858999,99697.67,99697.67,-87.50,0.00,405.72,1
1762301558014721295,99697.67,99697.67,-87.50,0.00,405.72,1
1762301559039769905,99685.17,99697.67,-87.50,-12.50,418.22,1
1762301560140390303,99672.67,99697.67,-87.50,-25.00,430.72,1
1762301561178256421,99695.50,99695.50,-87.50,0.00,407.89,0
1762301562293348967,99695.50,99695.50,-87.50,0.00,407.89,0
1762301563296351031,99695.50,99695.50,-87.50,0.00,407.89,0
1762301564450394077,99695.50,99695.50,-87.50,0.00,407.89,0
1762301565514436059,99695.50,99695.50,-87.50,0.00,407.89,0
1762301566581757063,99695.50,99695.50,-87.50,0.00,407.89,0
1762301567961446943,99695.50,99695.50,-87.50,0.00,407.89,0
1762301569101004767,99695.50,99695.50,-87.50,0.00,407.89,0
1762301570131872141,99695.50,99695.50,-87.50,0.00,407.89,0
1762301571140478461,99668.33,99693.33,-87.50,-25.00,435.06,1
1762301572361926691,99668.33,99693.33,-87.50,-25.00,435.06,1
1762301573603079397,99668.33,99693.33,-87.50,-25.00,435.06,1
1762301574636374659,99655.83,99693.33,-87.50,-37.50,447.56,1
1762301575640526099,99655.83,99693.33,-87.50,-37.50,447.56,1
1762301576709128623,99655.83,99693.33,-87.50,-37.50,447.56,1
1762301577720489157,99630.83,99693.33,-87.50,-62.50,472.56,1
1762301578750007501,99643.33,99693.33,-87.50,-50.00,460.06,1
1762301579908005819,99630.83,99693.33,-87.50,-62.50,472.56,1
1762301580908719555,99630.83,99693.33,-87.50,-62.50,472.56,1
1762301581919566201,99643.33,99693.33,-87.50,-50.00,460.06,1
1762301583064017193,99643.33,99693.33,-87.50,-50.00,460.06,1
1762301584078262433,99653.66,99653.66,-125.00,0.00,449.73,0
1762301585106040819,99653.66,99653.66,-125.00,0.00,449.73,0
1762301586123911095,99653.66,99653.66,-125.00,0.00,449.73,0
1762301587310551099,99653.66,99653.66,-125.00,0.00,449.73,0
1762301588320490677,99638.99,99651.49,-125.00,-12.50,464.40,1
1762301589320503035,99638.99,99651.49,-125.00,-12.50,464.40,1
1762301590792580803,99638.99,99651.49,-125.00,-12.50,464.40,1
1762301591927142631,99638.99,99651.49,-125.00,-12.50,464.40,1
1762301593215994317,99638.99,99651.49,-125.00,-12.50,464.40,1
1762301594440615249,99638.99,99651.49,-125.00,-12.50,464.40,1
1762301595487281421,99638.99,99651.49,-125.00,-12.50,464.40,1
1762301596556036075,99661.82,99661.82,-112.50,0.00,441.57,0
1762301597582098645,99661.82,99661.82,-112.50,0.00,441.57,0
1762301598721621175,99659.65,99659.65,-112.50,0.00,443.74,1
1762301599831729165,99647.15,99659.65,-112.50,-12.50,456.24,1
1762301600864841585,99659.65,99659.65,-112.50,0.00,443.74,1
1762301601891368731,99647.15,99659.65,-112.50,-12.50,456.24,1
1762301602907735055,99647.15,99659.65,-112.50,-12.50,456.24,1
1762301603949130855,99647.15,99659.65,-112.50,-12.50,456.24,1
1762301605325357845,99647.15,99659.65,-112.50,-12.50,456.24,1
1762301606352135847,99647.15,99659.65,-112.50,-12.50,456.24,1
1762301607463292063,99634.65,99659.65,-112.50,-25.00,468.74,1
1762301608575716475,99647.15,99659.65,-112.50,-12.50,456.24,1
1762301609698025689,99634.65,99659.65,-112.50,-25.00,468.74,1
1762301610820006845,99634.65,99659.65,-112.50,-25.00,468.74,1
1762301611940765319,99647.15,99659.65,-112.50,-12.50,456.24,1
1762301613158894633,99647.15,99659.65,-112.50,-12.50,456.24,1
1762301614164845169,99657.48,99657.48,-112.50,0.00,445.91,0
1762301615165018331,99657.48,99657.48,-112.50,0.00,445.91,0
1762301616235881555,99657.48,99657.48,-112.50,0.00,445.91,0
1762301617252208791,99642.81,99655.31,-112.50,-12.50,460.58,1
1762301618318030889,99667.81,99655.31,-112.50,12.50,435.58,1
1762301619369379987,99667.81,99655.31,-112.50,12.50,435.58,1
1762301620495533295,99667.81,99655.31,-112.50,12.50,435.58,1
1762301621536585445,99667.81,99655.31,-112.50,12.50,435.58,1
1762301622771967739,99667.81,99655.31,-112.50,12.50,435.58,1
1762301623840841613,99655.31,99655.31,-112.50,0.00,448.08,1
1762301624840845071,99655.31,99655.31,-112.50,0.00,448.08,1
1762301626192423327,99655.31,99655.31,-112.50,0.00,448.08,1
1762301627261519849,99655.31,99655.31,-112.50,0.00,448.08,1
1762301628354664447,99678.14,99678.14,-87.50,0.00,425.25,0
1762301629372379889,99678.14,99678.14,-87.50,0.00,425.25,0
1762301630440897473,99678.14,99678.14,-87.50,0.00,425.25,0
1762301631722773899,99678.14,99678.14,-87.50,0.00,425.25,0
1762301632807004763,99678.14,99678.14,-87.50,0.00,425.25,0
1762301633906859625,99678.14,99678.14,-87.50,0.00,425.25,0
1762301634975204391,99678.14,99678.14,-87.50,0.00,425.25,0
1762301636049520439,99678.14,99678.14,-87.50,0.00,425.25,0
1762301637092888975,99678.14,99678.14,-87.50,0.00,425.25,0
1762301638180331383,99713.47,99675.97,-87.50,37.50,389.92,1
1762301639385202943,99713.47,99675.97,-87.50,37.50,389.92,1
1762301640440981725,99713.47,99675.97,-87.50,37.50,389.92,1
1762301641485132453,99713.47,99675.97,-87.50,37.50,389.92,1
1762301642850484317,99723.80,99723.80,-37.50,0.00,379.59,0
1762301643857137609,99723.80,99723.80,-37.50,0.00,379.59,0
1762301644903746873,99723.80,99723.80,-37.50,0.00,379.59,0
1762301646570442079,99723.80,99723.80,-37.50,0.00,379.59,0
1762301647620974863,99723.80,99723.80,-37.50,0.00,379.59,0
1762301648641116181,99723.80,99723.80,-37.50,0.00,379.59,0
1762301649780879725,99723.80,99723.80,-37.50,0.00,379.59,0
1762301650908880289,99723.80,99723.80,-37.50,0.00,379.59,0
1762301652062735059,99723.80,99723.80,-37.50,0.00,379.59,0
1762301653313280859,99709.13,99721.63,-37.50,-12.50,394.26,1
1762301654356135577,99709.13,99721.63,-37.50,-12.50,394.26,1
1762301655597880621,99709.13,99721.63,-37.50,-12.50,394.26,1
1762301656749348979,99709.13,99721.63,-37.50,-12.50,394.26,1
1762301657997412277,99696.63,99721.63,-37.50,-25.00,406.76,1
1762301659010761359,99696.63,99721.63,-37.50,-25.00,406.76,1
1762301660207424941,99696.63,99721.63,-37.50,-25.00,406.76,1
1762301661616960835,99684.13,99721.63,-37.50,-37.50,419.26,1
1762301662641190941,99684.13,99721.63,-37.50,-37.50,419.26,1
1762301663641209055,99684.13,99721.63,-37.50,-37.50,419.26,1
1762301664682194429,99684.13,99721.63,-37.50,-37.50,419.26,1
1762301665926950107,99684.13,99721.63,-37.50,-37.50,419.26,1
1762301667200006473,99684.13,99721.63,-37.50,-37.50,419.26,1
1762301668221360017,99684.13,99721.63,-37.50,-37.50,419.26,1
1762301669364471909,99684.13,99721.63,-37.50,-37.50,419.26,1
1762301670404433985,99671.63,99721.63,-37.50,-50.00,431.76,1
1762301671525695973,99684.13,99721.63,-37.50,-37.50,419.26,1
1762301672580650577,99684.13,99721.63,-37.50,-37.50,419.26,1
1762301673642994359,99696.63,99721.63,-37.50,-25.00,406.76,1
1762301674651882107,99696.63,99721.63,-37.50,-25.00,406.76,1
1762301675764518439,99696.63,99721.63,-37.50,-25.00,406.76,1
1762301676795913001,99684.13,99721.63,-37.50,-37.50,419.26,1
1762301677833119801,99671.63,99721.63,-37.50,-50.00,431.76,1
1762301678892127641,99684.13,99721.63,-37.50,-37.50,419.26,1
1762301679948549513,99671.63,99721.63,-37.50,-50.00,431.76,1
1762301681001010789,99684.13,99721.63,-37.50,-37.50,419.26,1
1762301682051411325,99684.13,99721.63,-37.50,-37.50,419.26,1
1762301683200600249,99671.63,99721.63,-37.50,-50.00,431.76,1
1762301684327431661,99671.63,99721.63,-37.50,-50.00,431.76,1
1762301685328037533,99671.63,99721.63,-37.50,-50.00,431.76,1
1762301686452447495,99671.63,99721.63,-37.50,-50.00,431.76,1
1762301687531390193,99671.63,99721.63,-37.50,-50.00,431.76,1
1762301688631406885,99671.63,99721.63,-37.50,-50.00,431.76,1
1762301689877279555,99671.63,99721.63,-37.50,-50.00,431.76,1
1762301690965411261,99671.63,99721.63,-37.50,-50.00,431.76,1
1762301691997133353,99671.63,99721.63,-37.50,-50.00,431.76,1
1762301693123699899,99671.63,99721.63,-37.50,-50.00,431.76,1
1762301694150704521,99671.63,99721.63,-37.50,-50.00,431.76,1
1762301695300605165,99671.63,99721.63,-37.50,-50.00,431.76,1
1762301696367862483,99659.13,99721.63,-37.50,-62.50,444.26,1
1762301697393780153,99659.13,99721.63,-37.50,-62.50,444.26,1
1762301698396266835,99584.13,99721.63,-37.50,-137.50,519.26,1
1762301699398259811,99584.13,99721.63,-37.50,-137.50,519.26,1
1762301700398260235,99571.63,99721.63,-37.50,-150.00,531.76,1
1762301701427747071,99584.13,99721.63,-37.50,-137.50,519.26,1
1762301702430094329,99606.96,99606.96,-150.00,0.00,496.43,0
1762301703476349453,99606.96,99606.96,-150.00,0.00,496.43,0
1762301704512230961,99606.96,99606.96,-150.00,0.00,496.43,0
1762301705582688971,99606.96,99606.96,-150.00,0.00,496.43,0
1762301706638510233,99606.96,99606.96,-150.00,0.00,496.43,0
1762301707638693071,99606.96,99606.96,-150.00,0.00,496.43,0
1762301708641697363,99606.96,99606.96,-150.00,0.00,496.43,0
1762301709674374177,99606.96,99606.96,-150.00,0.00,496.43,0
1762301710690709285,99606.96,99606.96,-150.00,0.00,496.43,0
1762301711780505475,99606.96,99606.96,-150.00,0.00,496.43,0
1762301712783153523,99606.96,99606.96,-150.00,0.00,496.43,0
1762301713953733289,99606.96,99606.96,-150.00,0.00,496.43,0
1762301715132791801,99606.96,99606.96,-150.00,0.00,496.43,0
1762301716206013147,99592.29,99604.79,-150.00,-12.50,511.10,1
1762301717245755371,99592.29,99604.79,-150.00,-12.50,511.10,1
1762301718321492959,99592.29,99604.79,-150.00,-12.50,511.10,1
1762301719341602107,99592.29,99604.79,-150.00,-12.50,511.10,1
1762301720341652665,99615.12,99615.12,-137.50,0.00,488.27,0
1762301721868477603,99615.12,99615.12,-137.50,0.00,488.27,0
1762301722891953397,99615.12,99615.12,-137.50,0.00,488.27,0
1762301724026448365,99615.12,99615.12,-137.50,0.00,488.27,0
1762301725040633845,99615.12,99615.12,-137.50,0.00,488.27,0
1762301726045631567,99612.95,99612.95,-137.50,0.00,490.44,1
1762301727125879873,99612.95,99612.95,-137.50,0.00,490.44,1
1762301728167327033,99612.95,99612.95,-137.50,0.00,490.44,1
1762301729172987633,99587.95,99612.95,-137.50,-25.00,515.44,1
1762301730651087467,99587.95,99612.95,-137.50,-25.00,515.44,1
1762301731727521527,99575.45,99612.95,-137.50,-37.50,527.94,1
1762301732797697069,99587.95,99612.95,-137.50,-25.00,515.44,1
1762301733831744769,99587.95,99612.95,-137.50,-25.00,515.44,1
1762301734845757443,99610.78,99610.78,-137.50,0.00,492.61,0
1762301735846347457,99610.78,99610.78,-137.50,0.00,492.61,0
1762301736847328725,99610.78,99610.78,-137.50,0.00,492.61,0
1762301737921601353,99610.78,99610.78,-137.50,0.00,492.61,0
1762301738962156425,99610.78,99610.78,-137.50,0.00,492.61,0
1762301739979778525,99610.78,99610.78,-137.50,0.00,492.61,0
1762301741062490547,99610.78,99610.78,-137.50,0.00,492.61,0
1762301742097367871,99610.78,99610.78,-137.50,0.00,492.61,0
1762301743542753895,99610.78,99610.78,-137.50,0.00,492.61,0
1762301744561329593,99610.78,99610.78,-137.50,0.00,492.61,0
1762301745567122105,99610.78,99610.78,-137.50,0.00,492.61,0
1762301746593612519,99610.78,99610.78,-137.50,0.00,492.61,0
1762301747598985481,99610.78,99610.78,-137.50,0.00,492.61,0
1762301748622404649,99610.78,99610.78,-137.50,0.00,492.61,0
1762301749633864067,99610.78,99610.78,-137.50,0.00,492.61,0
1762301750639520717,99610.78,99610.78,-137.50,0.00,492.61,0
1762301752017746335,99610.78,99610.78,-137.50,0.00,492.61,0
1762301753076951969,99610.78,99610.78,-137.50,0.00,492.61,0
1762301754139979207,99610.78,99610.78,-137.50,0.00,492.61,0
1762301755141901945,99608.61,99608.61,-137.50,0.00,494.78,1
1762301756152340471,99618.94,99618.94,-125.00,0.00,484.45,0
1762301757155263871,99591.77,99616.77,-125.00,-25.00,511.62,1
1762301758192898751,99579.27,99616.77,-125.00,-37.50,524.12,1
1762301759220402291,99591.77,99616.77,-125.00,-25.00,511.62,1
1762301760291979429,99591.77,99616.77,-125.00,-25.00,511.62,1
1762301761294666411,99602.10,99602.10,-137.50,0.00,501.29,0
1762301762303324499,99587.43,99599.93,-137.50,-12.50,515.96,1
1762301763406288971,99587.43,99599.93,-137.50,-12.50,515.96,1
1762301764457321303,99587.43,99599.93,-137.50,-12.50,515.96,1
1762301765476858825,99574.93,99599.93,-137.50,-25.00,528.46,1
1762301766511614037,99574.93,99599.93,-137.50,-25.00,528.46,1
1762301767595125931,99574.93,99599.93,-137.50,-25.00,528.46,1
1762301768710718459,99587.43,99599.93,-137.50,-12.50,515.96,1
1762301769735890561,99599.93,99599.93,-137.50,0.00,503.46,1
1762301770745915621,99612.43,99599.93,-137.50,12.50,490.96,1
1762301771967717267,99624.93,99599.93,-137.50,25.00,478.46,1
1762301773028762157,99635.26,99635.26,-100.00,0.00,468.13,0
1762301774195660145,99635.26,99635.26,-100.00,0.00,468.13,0
1762301775206753475,99635.26,99635.26,-100.00,0.00,468.13,0
1762301776234193737,99635.26,99635.26,-100.00,0.00,468.13,0
1762301777242085537,99620.59,99633.09,-100.00,-12.50,482.80,1
1762301778639263293,99620.59,99633.09,-100.00,-12.50,482.80,1
1762301779699131333,99583.09,99633.09,-100.00,-50.00,520.30,1
1762301780732862375,99583.09,99633.09,-100.00,-50.00,520.30,1
1762301781733907505,99570.59,99633.09,-100.00,-62.50,532.80,1
1762301782807881561,99570.59,99633.09,-100.00,-62.50,532.80,1
1762301783842101979,99583.09,99633.09,-100.00,-50.00,520.30,1
1762301784941996833,99595.59,99633.09,-100.00,-37.50,507.80,1
1762301786134442077,99583.09,99633.09,-100.00,-50.00,520.30,1
1762301787138819503,99583.09,99633.09,-100.00,-50.00,520.30,1
1762301788162726365,99583.09,99633.09,-100.00,-50.00,520.30,1
1762301789176979877,99595.59,99633.09,-100.00,-37.50,507.80,1
1762301790178194995,99570.59,99633.09,-100.00,-62.50,532.80,1
1762301791247654121,99570.59,99633.09,-100.00,-62.50,532.80,1
1762301792265351039,99570.59,99633.09,-100.00,-62.50,532.80,1
1762301793363755849,99570.59,99633.09,-100.00,-62.50,532.80,1
1762301794444636991,99593.42,99593.42,-137.50,0.00,509.97,0
1762301795528652291,99593.42,99593.42,-137.50,0.00,509.97,0
1762301796622134959,99593.42,99593.42,-137.50,0.00,509.97,0
1762301797622138553,99593.42,99593.42,-137.50,0.00,509.97,0
1762301798722193759,99591.25,99591.25,-137.50,0.00,512.14,1
1762301799750385111,99591.25,99591.25,-137.50,0.00,512.14,1
1762301800750464639,99591.25,99591.25,-137.50,0.00,512.14,1
1762301801913449857,99614.08,99614.08,-112.50,0.00,489.31,0
1762301802930106011,99614.08,99614.08,-112.50,0.00,489.31,0
1762301804030177791,99614.08,99614.08,-112.50,0.00,489.31,0
1762301805068303423,99614.08,99614.08,-112.50,0.00,489.31,0
1762301806290255241,99614.08,99614.08,-112.50,0.00,489.31,0
1762301807332391247,99614.08,99614.08,-112.50,0.00,489.31,0
1762301808414556585,99614.08,99614.08,-112.50,0.00,489.31,0
1762301809422215249,99614.08,99614.08,-112.50,0.00,489.31,0
1762301810493481537,99614.08,99614.08,-112.50,0.00,489.31,0
1762301811666730607,99614.08,99614.08,-112.50,0.00,489.31,0
1762301812699751853,99614.08,99614.08,-112.50,0.00,489.31,0
1762301813714078453,99614.08,99614.08,-112.50,0.00,489.31,0
1762301814742229177,99614.08,99614.08,-112.50,0.00,489.31,0
1762301815753463911,99614.08,99614.08,-112.50,0.00,489.31,0
1762301816771349935,99614.08,99614.08,-112.50,0.00,489.31,0
1762301817942351683,99614.08,99614.08,-112.50,0.00,489.31,0
1762301818950655719,99614.08,99614.08,-112.50,0.00,489.31,0
1762301819987756261,99614.08,99614.08,-112.50,0.00,489.31,0
1762301821004348113,99614.08,99614.08,-112.50,0.00,489.31,0
1762301822108347117,99614.08,99614.08,-112.50,0.00,489.31,0
1762301823132410897,99611.91,99611.91,-112.50,0.00,491.48,1
1762301824190471465,99611.91,99611.91,-112.50,0.00,491.48,1
1762301825204337761,99622.24,99622.24,-100.00,0.00,481.15,0
1762301826233347179,99622.24,99622.24,-100.00,0.00,481.15,0
1762301827287475583,99622.24,99622.24,-100.00,0.00,481.15,0
1762301828406181323,99622.24,99622.24,-100.00,0.00,481.15,0
1762301829486084017,99630.40,99630.40,-87.50,0.00,472.99,0
1762301830516187111,99630.40,99630.40,-87.50,0.00,472.99,0
1762301831572506845,99630.40,99630.40,-87.50,0.00,472.99,0
1762301832575576953,99630.40,99630.40,-87.50,0.00,472.99,0
1762301833901850923,99630.40,99630.40,-87.50,0.00,472.99,0
1762301834942614513,99630.40,99630.40,-87.50,0.00,472.99,0
1762301835944347219,99630.40,99630.40,-87.50,0.00,472.99,0
1762301836986881431,99630.40,99630.40,-87.50,0.00,472.99,0
1762301837998769625,99630.40,99630.40,-87.50,0.00,472.99,0
1762301839022440805,99630.40,99630.40,-87.50,0.00,472.99,0
1762301840022449753,99630.40,99630.40,-87.50,0.00,472.99,0
1762301841045434255,99630.40,99630.40,-87.50,0.00,472.99,0
1762301842125526795,99628.23,99628.23,-87.50,0.00,475.16,1
1762301843142588539,99640.73,99628.23,-87.50,12.50,462.66,1
1762301844152792711,99640.73,99628.23,-87.50,12.50,462.66,1
1762301845179153919,99640.73,99628.23,-87.50,12.50,462.66,1
1762301846202949515,99653.23,99628.23,-87.50,25.00,450.16,1
1762301847216738287,99653.23,99628.23,-87.50,25.00,450.16,1
1762301848217003827,99665.73,99628.23,-87.50,37.50,437.66,1
1762301849217921895,99676.06,99676.06,-37.50,0.00,427.33,0
1762301850248686681,99676.06,99676.06,-37.50,0.00,427.33,0
1762301851347184393,99676.06,99676.06,-37.50,0.00,427.33,0
1762301852510714575,99676.06,99676.06,-37.50,0.00,427.33,0
1762301853535255943,99676.06,99676.06,-37.50,0.00,427.33,0
1762301854552653037,99676.06,99676.06,-37.50,0.00,427.33,0
1762301855552655197,99676.06,99676.06,-37.50,0.00,427.33,0
1762301856669502547,99676.06,99676.06,-37.50,0.00,427.33,0
1762301857681576313,99661.39,99673.89,-37.50,-12.50,442.00,1
1762301858694470189,99661.39,99673.89,-37.50,-12.50,442.00,1
1762301859718731963,99661.39,99673.89,-37.50,-12.50,442.00,1
1762301860838494293,99673.89,99673.89,-37.50,0.00,429.50,1
1762301861869011171,99673.89,99673.89,-37.50,0.00,429.50,1
1762301862909349491,99673.89,99673.89,-37.50,0.00,429.50,1
1762301864079625967,99673.89,99673.89,-37.50,0.00,429.50,1
1762301865083297093,99661.39,99673.89,-37.50,-12.50,442.00,1
1762301866101840863,99661.39,99673.89,-37.50,-12.50,442.00,1
1762301867118954507,99648.89,99673.89,-37.50,-25.00,454.50,1
1762301868314308347,99648.89,99673.89,-37.50,-25.00,454.50,1
1762301869359940385,99636.39,99673.89,-37.50,-37.50,467.00,1
1762301870364337243,99636.39,99673.89,-37.50,-37.50,467.00,1
1762301871452313109,99636.39,99673.89,-37.50,-37.50,467.00,1
1762301872537569991,99623.89,99673.89,-37.50,-50.00,479.50,1
1762301873687694329,99623.89,99673.89,-37.50,-50.00,479.50,1
1762301874748501259,99623.89,99673.89,-37.50,-50.00,479.50,1
1762301875749295721,99623.89,99673.89,-37.50,-50.00,479.50,1
1762301876909149015,99623.89,99673.89,-37.50,-50.00,479.50,1
1762301877922116871,99623.89,99673.89,-37.50,-50.00,479.50,1
1762301879000047259,99611.39,99673.89,-37.50,-62.50,492.00,1
1762301880067193153,99634.22,99634.22,-75.00,0.00,469.17,0
1762301881086384877,99634.22,99634.22,-75.00,0.00,469.17,0
1762301882089881425,99634.22,99634.22,-75.00,0.00,469.17,0
1762301883122816441,99634.22,99634.22,-75.00,0.00,469.17,0
1762301884286837559,99634.22,99634.22,-75.00,0.00,469.17,0
1762301885295952337,99634.22,99634.22,-75.00,0.00,469.17,0
1762301886357746347,99619.55,99632.05,-75.00,-12.50,483.84,1
1762301887360344217,99619.55,99632.05,-75.00,-12.50,483.84,1
1762301888452761963,99619.55,99632.05,-75.00,-12.50,483.84,1
1762301889757252823,99619.55,99632.05,-75.00,-12.50,483.84,1
1762301890915381247,99619.55,99632.05,-75.00,-12.50,483.84,1
1762301891943006487,99619.55,99632.05,-75.00,-12.50,483.84,1
1762301892991786299,99607.05,99632.05,-75.00,-25.00,496.34,1
1762301894259830415,99607.05,99632.05,-75.00,-25.00,496.34,1
1762301895342909377,99607.05,99632.05,-75.00,-25.00,496.34,1
1762301896363168165,99594.55,99632.05,-75.00,-37.50,508.84,1
1762301897395300729,99594.55,99632.05,-75.00,-37.50,508.84,1
1762301898443058193,99594.55,99632.05,-75.00,-37.50,508.84,1
1762301899443072311,99594.55,99632.05,-75.00,-37.50,508.84,1
1762301900461262829,99594.55,99632.05,-75.00,-37.50,508.84,1
1762301901569881529,99582.05,99632.05,-75.00,-50.00,521.34,1
1762301902610713503,99582.05,99632.05,-75.00,-50.00,521.34,1
1762301903725755963,99582.05,99632.05,-75.00,-50.00,521.34,1
1762301904743116645,99557.05,99632.05,-75.00,-75.00,546.34,1
1762301905774448379,99569.55,99632.05,-75.00,-62.50,533.84,1
1762301907010130309,99582.05,99632.05,-75.00,-50.00,521.34,1
1762301908014597545,99592.38,99592.38,-112.50,0.00,511.01,0
1762301909150347411,99577.71,99590.21,-112.50,-12.50,525.68,1
1762301910177817155,99577.71,99590.21,-112.50,-12.50,525.68,1
1762301911243157525,99577.71,99590.21,-112.50,-12.50,525.68,1
1762301912254562229,99565.21,99590.21,-112.50,-25.00,538.18,1
1762301913343204345,99577.71,99590.21,-112.50,-12.50,525.68,1
1762301914355137197,99577.71,99590.21,-112.50,-12.50,525.68,1
1762301915659755297,99577.71,99590.21,-112.50,-12.50,525.68,1
1762301916700671955,99577.71,99590.21,-112.50,-12.50,525.68,1
1762301917703769061,99552.71,99590.21,-112.50,-37.50,550.68,1
1762301918729905053,99527.71,99590.21,-112.50,-62.50,575.68,1
1762301919840801303,99552.71,99590.21,-112.50,-37.50,550.68,1
1762301920849006557,99552.71,99590.21,-112.50,-37.50,550.68,1
1762301921898951325,99575.54,99575.54,-125.00,0.00,527.85,0
1762301922943322061,99575.54,99575.54,-125.00,0.00,527.85,0
1762301923957756203,99575.54,99575.54,-125.00,0.00,527.85,0
1762301925042737089,99575.54,99575.54,-125.00,0.00,527.85,0
1762301926051833085,99575.54,99575.54,-125.00,0.00,527.85,0
1762301927078348919,99575.54,99575.54,-125.00,0.00,527.85,0
1762301928245756325,99575.54,99575.54,-125.00,0.00,527.85,0
1762301929312229803,99575.54,99575.54,-125.00,0.00,527.85,0
1762301930364951023,99575.54,99575.54,-125.00,0.00,527.85,0
1762301931404630797,99548.37,99573.37,-125.00,-25.00,555.02,1
1762301932491579481,99535.87,99573.37,-125.00,-37.50,567.52,1
1762301933521459505,99548.37,99573.37,-125.00,-25.00,555.02,1
1762301934537631623,99548.37,99573.37,-125.00,-25.00,555.02,1
1762301935730401025,99548.37,99573.37,-125.00,-25.00,555.02,1
1762301936819256263,99535.87,99573.37,-125.00,-37.50,567.52,1
1762301937834149047,99535.87,99573.37,-125.00,-37.50,567.52,1
1762301938923324027,99548.37,99573.37,-125.00,-25.00,555.02,1
1762301939945609363,99560.87,99573.37,-125.00,-12.50,542.52,1
1762301940947120793,99571.20,99571.20,-125.00,0.00,532.19,0
1762301941958631255,99571.20,99571.20,-125.00,0.00,532.19,0
1762301943038026531,99571.20,99571.20,-125.00,0.00,532.19,0
1762301944038564367,99571.20,99571.20,-125.00,0.00,532.19,0
1762301945043485165,99571.20,99571.20,-125.00,0.00,532.19,0
1762301946133585907,99571.20,99571.20,-125.00,0.00,532.19,0
1762301947152416609,99571.20,99571.20,-125.00,0.00,532.19,0
1762301948159167629,99571.20,99571.20,-125.00,0.00,532.19,0
1762301949170645479,99571.20,99571.20,-125.00,0.00,532.19,0
1762301950220330995,99571.20,99571.20,-125.00,0.00,532.19,0
1762301951281196199,99571.20,99571.20,-125.00,0.00,532.19,0
1762301952302187469,99571.20,99571.20,-125.00,0.00,532.19,0
1762301953769943057,99569.03,99569.03,-125.00,0.00,534.36,1
1762301954904426735,99569.03,99569.03,-125.00,0.00,534.36,1
1762301955925130465,99544.03,99569.03,-125.00,-25.00,559.36,1
1762301957078006063,99544.03,99569.03,-125.00,-25.00,559.36,1
1762301958078342725,99556.53,99569.03,-125.00,-12.50,546.86,1
1762301959447036355,99556.53,99569.03,-125.00,-12.50,546.86,1
1762301960563260469,99566.86,99566.86,-125.00,0.00,536.53,0
1762301961640755941,99566.86,99566.86,-125.00,0.00,536.53,0
1762301962681207735,99566.86,99566.86,-125.00,0.00,536.53,0
1762301963681360295,99566.86,99566.86,-125.00,0.00,536.53,0
1762301964727187183,99566.86,99566.86,-125.00,0.00,536.53,0
1762301965954505979,99566.86,99566.86,-125.00,0.00,536.53,0
1762301967014588555,99566.86,99566.86,-125.00,0.00,536.53,0
1762301968196892589,99566.86,99566.86,-125.00,0.00,536.53,0
1762301969208987303,99566.86,99566.86,-125.00,0.00,536.53,0
1762301970366334083,99566.86,99566.86,-125.00,0.00,536.53,0
1762301971377915887,99566.86,99566.86,-125.00,0.00,536.53,0
1762301972472256017,99566.86,99566.86,-125.00,0.00,536.53,0
1762301973600631063,99566.86,99566.86,-125.00,0.00,536.53,0
1762301974605446013,99566.86,99566.86,-125.00,0.00,536.53,0
1762301975848231941,99566.86,99566.86,-125.00,0.00,536.53,0
1762301976900867693,99566.86,99566.86,-125.00,0.00,536.53,0
1762301977903575057,99566.86,99566.86,-125.00,0.00,536.53,0
1762301978968347257,99566.86,99566.86,-125.00,0.00,536.53,0
1762301980469255407,99566.86,99566.86,-125.00,0.00,536.53,0
1762301981522505541,99566.86,99566.86,-125.00,0.00,536.53,0
1762301982658345467,99566.86,99566.86,-125.00,0.00,536.53,0
1762301983789051021,99566.86,99566.86,-125.00,0.00,536.53,0
1762301984946004215,99566.86,99566.86,-125.00,0.00,536.53,0
1762301985973734971,99566.86,99566.86,-125.00,0.00,536.53,0
1762301986987754707,99566.86,99566.86,-125.00,0.00,536.53,0
1762301988003059329,99566.86,99566.86,-125.00,0.00,536.53,0
1762301989013834673,99566.86,99566.86,-125.00,0.00,536.53,0
1762301990146755507,99566.86,99566.86,-125.00,0.00,536.53,0
1762301991300006883,99566.86,99566.86,-125.00,0.00,536.53,0
1762301992366196311,99566.86,99566.86,-125.00,0.00,536.53,0
1762301993478049527,99566.86,99566.86,-125.00,0.00,536.53,0
1762301994504107753,99566.86,99566.86,-125.00,0.00,536.53,0
1762301995532886015,99566.86,99566.86,-125.00,0.00,536.53,0
1762301996539502251,99564.69,99564.69,-125.00,0.00,538.70,1
1762301997543255457,99577.19,99564.69,-125.00,12.50,526.20,1
1762301998809814773,99577.19,99564.69,-125.00,12.50,526.20,1
1762301999962865427,99577.19,99564.69,-125.00,12.50,526.20,1
1762302001080951865,99564.69,99564.69,-125.00,0.00,538.70,1
1762302002115308585,99577.19,99564.69,-125.00,12.50,526.20,1
1762302003122230475,99587.52,99587.52,-100.00,0.00,515.87,0
1762302004172089835,99587.52,99587.52,-100.00,0.00,515.87,0
1762302005290818595,99587.52,99587.52,-100.00,0.00,515.87,0
1762302006402912723,99587.52,99587.52,-100.00,0.00,515.87,0
1762302007447256663,99587.52,99587.52,-100.00,0.00,515.87,0
1762302008591730205,99587.52,99587.52,-100.00,0.00,515.87,0
1762302009785209723,99587.52,99587.52,-100.00,0.00,515.87,0
1762302010907707107,99587.52,99587.52,-100.00,0.00,515.87,0
1762302011938418093,99560.35,99585.35,-100.00,-25.00,543.04,1
1762302012952093015,99560.35,99585.35,-100.00,-25.00,543.04,1
1762302014043994695,99560.35,99585.35,-100.00,-25.00,543.04,1
1762302015512516313,99560.35,99585.35,-100.00,-25.00,543.04,1
1762302016546629617,99547.85,99585.35,-100.00,-37.50,555.54,1
1762302017713110761,99560.35,99585.35,-100.00,-25.00,543.04,1
1762302018744037699,99547.85,99585.35,-100.00,-37.50,555.54,1
1762302020117046947,99547.85,99585.35,-100.00,-37.50,555.54,1
1762302021170066251,99572.85,99585.35,-100.00,-12.50,530.54,1
1762302022264007555,99560.35,99585.35,-100.00,-25.00,543.04,1
1762302023352446081,99560.35,99585.35,-100.00,-25.00,543.04,1
1762302024368629907,99560.35,99585.35,-100.00,-25.00,543.04,1
1762302025372163869,99572.85,99585.35,-100.00,-12.50,530.54,1
1762302026600255389,99560.35,99585.35,-100.00,-25.00,543.04,1
1762302027628243687,99560.35,99585.35,-100.00,-25.00,543.04,1
1762302028630917877,99560.35,99585.35,-100.00,-25.00,543.04,1
1762302029783755785,99572.85,99585.35,-100.00,-12.50,530.54,1
1762302031168262543,99572.85,99585.35,-100.00,-12.50,530.54,1
1762302032206193881,99560.35,99585.35,-100.00,-25.00,543.04,1
1762302033309436833,99560.35,99585.35,-100.00,-25.00,543.04,1
1762302034316998171,99572.85,99585.35,-100.00,-12.50,530.54,1
1762302036321777939,99572.85,99585.35,-100.00,-12.50,530.54,1
1762302037334274277,99560.35,99585.35,-100.00,-25.00,543.04,1
1762302038364128303,99560.35,99585.35,-100.00,-25.00,543.04,1
1762302039377383783,99547.85,99585.35,-100.00,-37.50,555.54,1
1762302040388882507,99547.85,99585.35,-100.00,-37.50,555.54,1
1762302041481606063,99547.85,99585.35,-100.00,-37.50,555.54,1
1762302042516787665,99547.85,99585.35,-100.00,-37.50,555.54,1
1762302043524164375,99560.35,99585.35,-100.00,-25.00,543.04,1
1762302044616475639,99560.35,99585.35,-100.00,-25.00,543.04,1
1762302046375688529,99547.85,99585.35,-100.00,-37.50,555.54,1
1762302047394949677,99560.35,99585.35,-100.00,-25.00,543.04,1
1762302048396974859,99572.85,99585.35,-100.00,-12.50,530.54,1
1762302049444284953,99572.85,99585.35,-100.00,-12.50,530.54,1
1762302050448250669,99585.35,99585.35,-100.00,0.00,518.04,1
1762302051554310965,99595.68,99595.68,-87.50,0.00,507.71,0
1762302052924814029,99595.68,99595.68,-87.50,0.00,507.71,0
1762302054379378903,99595.68,99595.68,-87.50,0.00,507.71,0
1762302055450954151,99595.68,99595.68,-87.50,0.00,507.71,0
1762302056461677877,99595.68,99595.68,-87.50,0.00,507.71,0
1762302057509689281,99595.68,99595.68,-87.50,0.00,507.71,0
1762302059076665135,99595.68,99595.68,-87.50,0.00,507.71,0
1762302060139166201,99595.68,99595.68,-87.50,0.00,507.71,0
1762302061198592415,99595.68,99595.68,-87.50,0.00,507.71,0
1762302062252879877,99595.68,99595.68,-87.50,0.00,507.71,0
1762302063286922983,99595.68,99595.68,-87.50,0.00,507.71,0
1762302064437923441,99595.68,99595.68,-87.50,0.00,507.71,0
1762302065451279649,99556.01,99593.51,-87.50,-37.50,547.38,1
1762302066462409957,99556.01,99593.51,-87.50,-37.50,547.38,1
1762302067466881243,99543.51,99593.51,-87.50,-50.00,559.88,1
1762302068595380549,99556.01,99593.51,-87.50,-37.50,547.38,1
1762302069666909957,99556.01,99593.51,-87.50,-37.50,547.38,1
1762302070865087529,99556.01,99593.51,-87.50,-37.50,547.38,1
1762302071882116391,99556.01,99593.51,-87.50,-37.50,547.38,1
1762302072882505709,99543.51,99593.51,-87.50,-50.00,559.88,1
1762302073896389827,99531.01,99593.51,-87.50,-62.50,572.38,1
1762302074944527025,99531.01,99593.51,-87.50,-62.50,572.38,1
1762302076054785131,99531.01,99593.51,-87.50,-62.50,572.38,1
1762302077169132123,99531.01,99593.51,-87.50,-62.50,572.38,1
1762302078170441749,99531.01,99593.51,-87.50,-62.50,572.38,1
1762302079240294219,99531.01,99593.51,-87.50,-62.50,572.38,1
1762302080250926097,99518.51,99593.51,-87.50,-75.00,584.88,1
1762302081319168171,99531.01,99593.51,-87.50,-62.50,572.38,1
1762302082379752705,99541.34,99541.34,-137.50,0.00,562.05,0
1762302083383720491,99541.34,99541.34,-137.50,0.00,562.05,0
1762302084823109241,99539.17,99539.17,-137.50,0.00,564.22,1
1762302085983481973,99539.17,99539.17,-137.50,0.00,564.22,1
1762302087066748995,99539.17,99539.17,-137.50,0.00,564.22,1
1762302088122157179,99526.67,99539.17,-137.50,-12.50,576.72,1
1762302089269358267,99526.67,99539.17,-137.50,-12.50,576.72,1
1762302090324521833,99526.67,99539.17,-137.50,-12.50,576.72,1
1762302091703071897,99526.67,99539.17,-137.50,-12.50,576.72,1
1762302092713186897,99514.17,99539.17,-137.50,-25.00,589.22,1
1762302093992381233,99514.17,99539.17,-137.50,-25.00,589.22,1
1762302095050386441,99501.67,99539.17,-137.50,-37.50,601.72,1
1762302096239333301,99501.67,99539.17,-137.50,-37.50,601.72,1
1762302097350082731,99501.67,99539.17,-137.50,-37.50,601.72,1
1762302098401339639,99501.67,99539.17,-137.50,-37.50,601.72,1
1762302099408380455,99501.67,99539.17,-137.50,-37.50,601.72,1
1762302101117447073,99501.67,99539.17,-137.50,-37.50,601.72,1
1762302102143124817,99514.17,99539.17,-137.50,-25.00,589.22,1
1762302103343925517,99501.67,99539.17,-137.50,-37.50,601.72,1
1762302104705186941,99501.67,99539.17,-137.50,-37.50,601.72,1
1762302106186474799,99501.67,99539.17,-137.50,-37.50,601.72,1
1762302107194097291,99501.67,99539.17,-137.50,-37.50,601.72,1
1762302108236016173,99501.67,99539.17,-137.50,-37.50,601.72,1
1762302109246396773,99501.67,99539.17,-137.50,-37.50,601.72,1
1762302110303884613,99501.67,99539.17,-137.50,-37.50,601.72,1
1762302111318025723,99514.17,99539.17,-137.50,-25.00,589.22,1
1762302112495755729,99514.17,99539.17,-137.50,-25.00,589.22,1
1762302113498250649,99514.17,99539.17,-137.50,-25.00,589.22,1
1762302114684597337,99514.17,99539.17,-137.50,-25.00,589.22,1
1762302115768910313,99514.17,99539.17,-137.50,-25.00,589.22,1
1762302116866195155,99514.17,99539.17,-137.50,-25.00,589.22,1
1762302117935629071,99514.17,99539.17,-137.50,-25.00,589.22,1
1762302118944913709,99514.17,99539.17,-137.50,-25.00,589.22,1
1762302120027377083,99514.17,99539.17,-137.50,-25.00,589.22,1
1762302121069631197,99537.00,99537.00,-137.50,0.00,566.39,0
1762302122209836917,99537.00,99537.00,-137.50,0.00,566.39,0
1762302123219928757,99537.00,99537.00,-137.50,0.00,566.39,0
1762302124344985693,99537.00,99537.00,-137.50,0.00,566.39,0
1762302125383960119,99537.00,99537.00,-137.50,0.00,566.39,0
1762302126444981959,99537.00,99537.00,-137.50,0.00,566.39,0
1762302127638882035,99537.00,99537.00,-137.50,0.00,566.39,0
1762302128768327009,99537.00,99537.00,-137.50,0.00,566.39,0
1762302129937309245,99537.00,99537.00,-137.50,0.00,566.39,0
1762302132026131041,99537.00,99537.00,-137.50,0.00,566.39,0
1762302133137970335,99537.00,99537.00,-137.50,0.00,566.39,0
1762302134182505477,99537.00,99537.00,-137.50,0.00,566.39,0
1762302135335381113,99537.00,99537.00,-137.50,0.00,566.39,0
1762302137040506077,99537.00,99537.00,-137.50,0.00,566.39,0
1762302138068379963,99537.00,99537.00,-137.50,0.00,566.39,0
1762302139345108873,99537.00,99537.00,-137.50,0.00,566.39,0
1762302140450879467,99537.00,99537.00,-137.50,0.00,566.39,0
1762302141646182883,99537.00,99537.00,-137.50,0.00,566.39,0
1762302142646823275,99537.00,99537.00,-137.50,0.00,566.39,0
1762302143658998609,99537.00,99537.00,-137.50,0.00,566.39,0
1762302144899740793,99537.00,99537.00,-137.50,0.00,566.39,0
1762302146026537877,99537.00,99537.00,-137.50,0.00,566.39,0
1762302147069879713,99537.00,99537.00,-137.50,0.00,566.39,0
1762302148087543347,99537.00,99537.00,-137.50,0.00,566.39,0
1762302149210067967,99537.00,99537.00,-137.50,0.00,566.39,0
1762302150250096277,99537.00,99537.00,-137.50,0.00,566.39,0
1762302151298255699,99537.00,99537.00,-137.50,0.00,566.39,0
1762302152504222115,99534.83,99534.83,-137.50,0.00,568.56,1
1762302153578295877,99534.83,99534.83,-137.50,0.00,568.56,1
1762302154785649499,99534.83,99534.83,-137.50,0.00,568.56,1
1762302156437958603,99534.83,99534.83,-137.50,0.00,568.56,1
1762302158304271659,99534.83,99534.83,-137.50,0.00,568.56,1
1762302159468601573,99522.33,99534.83,-137.50,-12.50,581.06,1
1762302160605004053,99509.83,99534.83,-137.50,-25.00,593.56,1
1762302161718610323,99509.83,99534.83,-137.50,-25.00,593.56,1
1762302162741565529,99509.83,99534.83,-137.50,-25.00,593.56,1
1762302163753852155,99509.83,99534.83,-137.50,-25.00,593.56,1
1762302164776713161,99509.83,99534.83,-137.50,-25.00,593.56,1
1762302165848256063,99509.83,99534.83,-137.50,-25.00,593.56,1
1762302166869755903,99497.33,99534.83,-137.50,-37.50,606.06,1
1762302167879130335,99497.33,99534.83,-137.50,-37.50,606.06,1
1762302168914711421,99509.83,99534.83,-137.50,-25.00,593.56,1
1762302169954585509,99509.83,99534.83,-137.50,-25.00,593.56,1
1762302170958468609,99532.66,99532.66,-137.50,0.00,570.73,0
1762302172065216843,99532.66,99532.66,-137.50,0.00,570.73,0
1762302173170505579,99532.66,99532.66,-137.50,0.00,570.73,0
1762302174254569057,99532.66,99532.66,-137.50,0.00,570.73,0
1762302175455735815,99532.66,99532.66,-137.50,0.00,570.73,0
1762302176531391305,99532.66,99532.66,-137.50,0.00,570.73,0
1762302177583504749,99532.66,99532.66,-137.50,0.00,570.73,0
1762302178701510645,99532.66,99532.66,-137.50,0.00,570.73,0
1762302180181747459,99532.66,99532.66,-137.50,0.00,570.73,0
1762302181184338529,99532.66,99532.66,-137.50,0.00,570.73,0
1762302182447257477,99532.66,99532.66,-137.50,0.00,570.73,0
1762302183594379673,99532.66,99532.66,-137.50,0.00,570.73,0
1762302184704383961,99532.66,99532.66,-137.50,0.00,570.73,0
1762302185781458979,99532.66,99532.66,-137.50,0.00,570.73,0
1762302187049883931,99532.66,99532.66,-137.50,0.00,570.73,0
1762302188253147221,99532.66,99532.66,-137.50,0.00,570.73,0
1762302189353123575,99517.99,99530.49,-137.50,-12.50,585.40,1
1762302190655398245,99517.99,99530.49,-137.50,-12.50,585.40,1
1762302191745399535,99530.49,99530.49,-137.50,0.00,572.90,1
1762302192748947061,99530.49,99530.49,-137.50,0.00,572.90,1
1762302193813873459,99517.99,99530.49,-137.50,-12.50,585.40,1
1762302194836593151,99517.99,99530.49,-137.50,-12.50,585.40,1
1762302196245416043,99517.99,99530.49,-137.50,-12.50,585.40,1
1762302197623834105,99517.99,99530.49,-137.50,-12.50,585.40,1
1762302198633464013,99530.49,99530.49,-137.50,0.00,572.90,1
1762302199636192057,99540.82,99540.82,-125.00,0.00,562.57,0
1762302200707593055,99540.82,99540.82,-125.00,0.00,562.57,0
1762302201746997847,99540.82,99540.82,-125.00,0.00,562.57,0
1762302202907853673,99540.82,99540.82,-125.00,0.00,562.57,0
1762302203918064925,99540.82,99540.82,-125.00,0.00,562.57,0
1762302205105934091,99540.82,99540.82,-125.00,0.00,562.57,0
1762302206190906197,99540.82,99540.82,-125.00,0.00,562.57,0
1762302207203348275,99513.65,99538.65,-125.00,-25.00,589.74,1
1762302208230449941,99513.65,99538.65,-125.00,-25.00,589.74,1
1762302209500254423,99513.65,99538.65,-125.00,-25.00,589.74,1
1762302210653380957,99513.65,99538.65,-125.00,-25.00,589.74,1
1762302212073200377,99526.15,99538.65,-125.00,-12.50,577.24,1
1762302213290655883,99513.65,99538.65,-125.00,-25.00,589.74,1
1762302214405675385,99513.65,99538.65,-125.00,-25.00,589.74,1
1762302215457733103,99513.65,99538.65,-125.00,-25.00,589.74,1
1762302216457983283,99548.98,99548.98,-112.50,0.00,554.41,0
1762302217468435727,99548.98,99548.98,-112.50,0.00,554.41,0
1762302218472792859,99548.98,99548.98,-112.50,0.00,554.41,0
1762302219547114361,99548.98,99548.98,-112.50,0.00,554.41,0
1762302220555533577,99548.98,99548.98,-112.50,0.00,554.41,0
1762302221655646557,99548.98,99548.98,-112.50,0.00,554.41,0
1762302222715130747,99548.98,99548.98,-112.50,0.00,554.41,0
1762302223823789483,99548.98,99548.98,-112.50,0.00,554.41,0
1762302224899772165,99548.98,99548.98,-112.50,0.00,554.41,0
1762302225910965955,99548.98,99548.98,-112.50,0.00,554.41,0
1762302226911511431,99548.98,99548.98,-112.50,0.00,554.41,0
1762302227951391445,99548.98,99548.98,-112.50,0.00,554.41,0
1762302229023199777,99548.98,99548.98,-112.50,0.00,554.41,0
1762302230215624383,99548.98,99548.98,-112.50,0.00,554.41,0
1762302231274003887,99548.98,99548.98,-112.50,0.00,554.41,0
1762302232274718843,99548.98,99548.98,-112.50,0.00,554.41,0
1762302233347255473,99548.98,99548.98,-112.50,0.00,554.41,0
1762302234352689813,99548.98,99548.98,-112.50,0.00,554.41,0
1762302235617912197,99548.98,99548.98,-112.50,0.00,554.41,0
1762302236625524337,99548.98,99548.98,-112.50,0.00,554.41,0
1762302237702075005,99548.98,99548.98,-112.50,0.00,554.41,0
1762302238713630413,99548.98,99548.98,-112.50,0.00,554.41,0
1762302239908056733,99548.98,99548.98,-112.50,0.00,554.41,0
1762302241010262549,99548.98,99548.98,-112.50,0.00,554.41,0
1762302242010840903,99548.98,99548.98,-112.50,0.00,554.41,0
1762302243027906417,99548.98,99548.98,-112.50,0.00,554.41,0
1762302244228130141,99548.98,99548.98,-112.50,0.00,554.41,0
1762302245245677539,99548.98,99548.98,-112.50,0.00,554.41,0
1762302246421567585,99548.98,99548.98,-112.50,0.00,554.41,0
1762302247778256061,99548.98,99548.98,-112.50,0.00,554.41,0
1762302248795361503,99548.98,99548.98,-112.50,0.00,554.41,0
1762302249855690179,99534.31,99546.81,-112.50,-12.50,569.08,1
1762302250916522275,99546.81,99546.81,-112.50,0.00,556.58,1
1762302252245273599,99559.31,99546.81,-112.50,12.50,544.08,1
1762302253358628167,99546.81,99546.81,-112.50,0.00,556.58,1
1762302254874470597,99534.31,99546.81,-112.50,-12.50,569.08,1
1762302256012583189,99534.31,99546.81,-112.50,-12.50,569.08,1
1762302257124931679,99534.31,99546.81,-112.50,-12.50,569.08,1
1762302258254969961,99534.31,99546.81,-112.50,-12.50,569.08,1
1762302259536192773,99534.31,99546.81,-112.50,-12.50,569.08,1
1762302260538950805,99559.31,99546.81,-112.50,12.50,544.08,1
1762302261737457691,99569.64,99569.64,-87.50,0.00,533.75,0
1762302262750251439,99569.64,99569.64,-87.50,0.00,533.75,0
1762302263833379409,99569.64,99569.64,-87.50,0.00,533.75,0
1762302264836880345,99569.64,99569.64,-87.50,0.00,533.75,0
1762302265967347749,99569.64,99569.64,-87.50,0.00,533.75,0
1762302267673449335,99569.64,99569.64,-87.50,0.00,533.75,0
1762302268695303797,99569.64,99569.64,-87.50,0.00,533.75,0
1762302269701379191,99569.64,99569.64,-87.50,0.00,533.75,0
1762302270804630799,99569.64,99569.64,-87.50,0.00,533.75,0
1762302272028383915,99569.64,99569.64,-87.50,0.00,533.75,0
1762302273049393505,99569.64,99569.64,-87.50,0.00,533.75,0
1762302274361562403,99569.64,99569.64,-87.50,0.00,533.75,0
1762302275369137763,99569.64,99569.64,-87.50,0.00,533.75,0
1762302276425348675,99569.64,99569.64,-87.50,0.00,533.75,0
1762302277455673471,99569.64,99569.64,-87.50,0.00,533.75,0
1762302278547016319,99569.64,99569.64,-87.50,0.00,533.75,0
1762302279567306271,99569.64,99569.64,-87.50,0.00,533.75,0
1762302280624820733,99569.64,99569.64,-87.50,0.00,533.75,0
1762302281999545141,99569.64,99569.64,-87.50,0.00,533.75,0
1762302283012214887,99569.64,99569.64,-87.50,0.00,533.75,0
1762302284452317981,99569.64,99569.64,-87.50,0.00,533.75,0
1762302285457991355,99569.64,99569.64,-87.50,0.00,533.75,0
1762302286525810031,99569.64,99569.64,-87.50,0.00,533.75,0
1762302287817914405,99569.64,99569.64,-87.50,0.00,533.75,0
1762302288872964761,99567.47,99567.47,-87.50,0.00,535.92,1
1762302289919436459,99567.47,99567.47,-87.50,0.00,535.92,1
1762302291066721033,99554.97,99567.47,-87.50,-12.50,548.42,1
1762302292157901975,99554.97,99567.47,-87.50,-12.50,548.42,1
1762302293220093015,99542.47,99567.47,-87.50,-25.00,560.92,1
1762302294353347135,99552.80,99552.80,-100.00,0.00,550.59,0
1762302295400109881,99552.80,99552.80,-100.00,0.00,550.59,0
1762302296410809757,99552.80,99552.80,-100.00,0.00,550.59,0
1762302297469303013,99552.80,99552.80,-100.00,0.00,550.59,0
1762302298483380809,99525.63,99550.63,-100.00,-25.00,577.76,1
1762302299631950835,99513.13,99550.63,-100.00,-37.50,590.26,1
1762302300635973839,99535.96,99535.96,-112.50,0.00,567.43,0
1762302301735989411,99535.96,99535.96,-112.50,0.00,567.43,0
1762302302745986749,99535.96,99535.96,-112.50,0.00,567.43,0
1762302303747082299,99535.96,99535.96,-112.50,0.00,567.43,0
1762302304778598447,99535.96,99535.96,-112.50,0.00,567.43,0
1762302305856949033,99535.96,99535.96,-112.50,0.00,567.43,0
1762302306869508633,99535.96,99535.96,-112.50,0.00,567.43,0
1762302307881090203,99535.96,99535.96,-112.50,0.00,567.43,0
1762302308889208569,99535.96,99535.96,-112.50,0.00,567.43,0
1762302309965740339,99535.96,99535.96,-112.50,0.00,567.43,0
1762302310965744043,99535.96,99535.96,-112.50,0.00,567.43,0
1762302311983204387,99535.96,99535.96,-112.50,0.00,567.43,0
1762302312999628093,99535.96,99535.96,-112.50,0.00,567.43,0
1762302315079512769,99535.96,99535.96,-112.50,0.00,567.43,0
1762302316265347229,99535.96,99535.96,-112.50,0.00,567.43,0
1762302317265767047,99535.96,99535.96,-112.50,0.00,567.43,0
1762302318265770225,99535.96,99535.96,-112.50,0.00,567.43,0
1762302319273918627,99535.96,99535.96,-112.50,0.00,567.43,0
1762302320280397779,99535.96,99535.96,-112.50,0.00,567.43,0
1762302321281432047,99535.96,99535.96,-112.50,0.00,567.43,0
1762302322379156083,99535.96,99535.96,-112.50,0.00,567.43,0
1762302323379807641,99535.96,99535.96,-112.50,0.00,567.43,0
1762302324413466945,99535.96,99535.96,-112.50,0.00,567.43,0
1762302325502434449,99535.96,99535.96,-112.50,0.00,567.43,0
1762302326669362601,99535.96,99535.96,-112.50,0.00,567.43,0
1762302328019506135,99535.96,99535.96,-112.50,0.00,567.43,0
1762302329034436685,99535.96,99535.96,-112.50,0.00,567.43,0
1762302330225478093,99535.96,99535.96,-112.50,0.00,567.43,0
1762302331229669401,99533.79,99533.79,-112.50,0.00,569.60,1
1762302332248528151,99544.12,99544.12,-100.00,0.00,559.27,0
1762302333283872589,99544.12,99544.12,-100.00,0.00,559.27,0
1762302334505287941,99544.12,99544.12,-100.00,0.00,559.27,0
1762302335766843655,99544.12,99544.12,-100.00,0.00,559.27,0
1762302336970258333,99544.12,99544.12,-100.00,0.00,559.27,0
1762302337977938277,99544.12,99544.12,-100.00,0.00,559.27,0
1762302338983233933,99544.12,99544.12,-100.00,0.00,559.27,0
1762302340070578097,99544.12,99544.12,-100.00,0.00,559.27,0
1762302341534005959,99544.12,99544.12,-100.00,0.00,559.27,0
1762302342617689611,99544.12,99544.12,-100.00,0.00,559.27,0
1762302343685464729,99544.12,99544.12,-100.00,0.00,559.27,0
1762302344746180165,99544.12,99544.12,-100.00,0.00,559.27,0
1762302345803758225,99544.12,99544.12,-100.00,0.00,559.27,0
1762302346815606513,99544.12,99544.12,-100.00,0.00,559.27,0
1762302347875572193,99544.12,99544.12,-100.00,0.00,559.27,0
1762302348905756237,99544.12,99544.12,-100.00,0.00,559.27,0
1762302349920721767,99544.12,99544.12,-100.00,0.00,559.27,0
1762302350961009407,99544.12,99544.12,-100.00,0.00,559.27,0
1762302352163725071,99544.12,99544.12,-100.00,0.00,559.27,0
1762302353167264443,99544.12,99544.12,-100.00,0.00,559.27,0
1762302354185046281,99544.12,99544.12,-100.00,0.00,559.27,0
1762302355266499301,99541.95,99541.95,-100.00,0.00,561.44,1
1762302356272071229,99541.95,99541.95,-100.00,0.00,561.44,1
1762302357518363043,99554.45,99541.95,-100.00,12.50,548.94,1
1762302358521223115,99577.28,99577.28,-62.50,0.00,526.11,0
1762302359526138273,99577.28,99577.28,-62.50,0.00,526.11,0
1762302360526145321,99577.28,99577.28,-62.50,0.00,526.11,0
1762302361567656251,99577.28,99577.28,-62.50,0.00,526.11,0
1762302362583796839,99577.28,99577.28,-62.50,0.00,526.11,0
1762302363589967865,99577.28,99577.28,-62.50,0.00,526.11,0
1762302364593450165,99577.28,99577.28,-62.50,0.00,526.11,0
1762302365616955613,99562.61,99575.11,-62.50,-12.50,540.78,1
1762302366684045555,99575.11,99575.11,-62.50,0.00,528.28,1
1762302367750321041,99550.11,99575.11,-62.50,-25.00,553.28,1
1762302368756195931,99575.11,99575.11,-62.50,0.00,528.28,1
1762302369756202437,99585.44,99585.44,-50.00,0.00,517.95,0
1762302370774027355,99585.44,99585.44,-50.00,0.00,517.95,0
1762302371956820003,99585.44,99585.44,-50.00,0.00,517.95,0
1762302372961800777,99585.44,99585.44,-50.00,0.00,517.95,0
1762302373987457003,99585.44,99585.44,-50.00,0.00,517.95,0
1762302375106657803,99585.44,99585.44,-50.00,0.00,517.95,0
1762302376145023117,99585.44,99585.44,-50.00,0.00,517.95,0
1762302377156253939,99583.27,99583.27,-50.00,0.00,520.12,1
1762302378159498117,99558.27,99583.27,-50.00,-25.00,545.12,1
1762302379199325785,99568.60,99568.60,-62.50,0.00,534.79,0
1762302380233138433,99568.60,99568.60,-62.50,0.00,534.79,0
1762302381287809575,99568.60,99568.60,-62.50,0.00,534.79,0
1762302382477991785,99568.60,99568.60,-62.50,0.00,534.79,0
1762302383481154465,99568.60,99568.60,-62.50,0.00,534.79,0
1762302384538733537,99568.60,99568.60,-62.50,0.00,534.79,0
1762302385588452159,99568.60,99568.60,-62.50,0.00,534.79,0
1762302386685067333,99568.60,99568.60,-62.50,0.00,534.79,0
1762302387777949419,99568.60,99568.60,-62.50,0.00,534.79,0
1762302388923592341,99568.60,99568.60,-62.50,0.00,534.79,0
1762302389938228929,99568.60,99568.60,-62.50,0.00,534.79,0
1762302390973225929,99568.60,99568.60,-62.50,0.00,534.79,0
1762302392224306475,99568.60,99568.60,-62.50,0.00,534.79,0
1762302393231129249,99568.60,99568.60,-62.50,0.00,534.79,0
1762302394460927673,99568.60,99568.60,-62.50,0.00,534.79,0
1762302395467232393,99568.60,99568.60,-62.50,0.00,534.79,0
1762302396500012321,99568.60,99568.60,-62.50,0.00,534.79,0
1762302397530075263,99568.60,99568.60,-62.50,0.00,534.79,0
1762302398549012661,99553.93,99566.43,-62.50,-12.50,549.46,1
1762302399626315281,99553.93,99566.43,-62.50,-12.50,549.46,1
1762302400686032153,99553.93,99566.43,-62.50,-12.50,549.46,1
1762302401686700647,99553.93,99566.43,-62.50,-12.50,549.46,1
1762302402723338275,99553.93,99566.43,-62.50,-12.50,549.46,1
1762302403913356271,99541.43,99566.43,-62.50,-25.00,561.96,1
1762302404916037497,99528.93,99566.43,-62.50,-37.50,574.46,1
1762302406159727421,99541.43,99566.43,-62.50,-25.00,561.96,1
1762302407199949729,99528.93,99566.43,-62.50,-37.50,574.46,1
1762302408264165507,99516.43,99566.43,-62.50,-50.00,586.96,1
1762302409264501379,99516.43,99566.43,-62.50,-50.00,586.96,1
1762302410289018101,99516.43,99566.43,-62.50,-50.00,586.96,1
1762302411383348423,99503.93,99566.43,-62.50,-62.50,599.46,1
1762302412449099771,99516.43,99566.43,-62.50,-50.00,586.96,1
1762302413449123419,99516.43,99566.43,-62.50,-50.00,586.96,1
1762302414467380351,99528.93,99566.43,-62.50,-37.50,574.46,1
1762302415469641429,99528.93,99566.43,-62.50,-37.50,574.46,1
1762302416519018539,99528.93,99566.43,-62.50,-37.50,574.46,1
1762302417544543151,99516.43,99566.43,-62.50,-50.00,586.96,1
1762302418632605011,99516.43,99566.43,-62.50,-50.00,586.96,1
1762302419634504579,99503.93,99566.43,-62.50,-62.50,599.46,1
1762302420685112253,99503.93,99566.43,-62.50,-62.50,599.46,1
1762302421687695199,99503.93,99566.43,-62.50,-62.50,599.46,1
1762302422739990575,99516.43,99566.43,-62.50,-50.00,586.96,1
1762302423894755505,99503.93,99566.43,-62.50,-62.50,599.46,1
1762302424897225487,99526.76,99526.76,-100.00,0.00,576.63,0
1762302425912594765,99526.76,99526.76,-100.00,0.00,576.63,0
1762302426922567045,99524.59,99524.59,-100.00,0.00,578.80,1
1762302428005185067,99537.09,99524.59,-100.00,12.50,566.30,1
1762302429009630677,99537.09,99524.59,-100.00,12.50,566.30,1
1762302430049216901,99537.09,99524.59,-100.00,12.50,566.30,1
1762302431054338865,99524.59,99524.59,-100.00,0.00,578.80,1
1762302432056880463,99524.59,99524.59,-100.00,0.00,578.80,1
1762302433136598057,99524.59,99524.59,-100.00,0.00,578.80,1
1762302434149278905,99537.09,99524.59,-100.00,12.50,566.30,1
1762302435179678979,99547.42,99547.42,-75.00,0.00,555.97,0
1762302436184432399,99547.42,99547.42,-75.00,0.00,555.97,0
1762302437233058417,99547.42,99547.42,-75.00,0.00,555.97,0
1762302438362380853,99547.42,99547.42,-75.00,0.00,555.97,0
1762302439390380919,99547.42,99547.42,-75.00,0.00,555.97,0
1762302440462924213,99547.42,99547.42,-75.00,0.00,555.97,0
1762302441523780023,99547.42,99547.42,-75.00,0.00,555.97,0
1762302442585209621,99547.42,99547.42,-75.00,0.00,555.97,0
1762302443652254895,99547.42,99547.42,-75.00,0.00,555.97,0
1762302444749284973,99547.42,99547.42,-75.00,0.00,555.97,0
1762302445780766867,99547.42,99547.42,-75.00,0.00,555.97,0
1762302446786630535,99547.42,99547.42,-75.00,0.00,555.97,0
1762302447902096209,99547.42,99547.42,-75.00,0.00,555.97,0
1762302448928659887,99547.42,99547.42,-75.00,0.00,555.97,0
1762302449939942247,99545.25,99545.25,-75.00,0.00,558.14,1
1762302451007222935,99545.25,99545.25,-75.00,0.00,558.14,1
1762302452049316143,99545.25,99545.25,-75.00,0.00,558.14,1
1762302453149357965,99545.25,99545.25,-75.00,0.00,558.14,1
1762302454358376057,99568.08,99568.08,-50.00,0.00,535.31,0
1762302455496076951,99568.08,99568.08,-50.00,0.00,535.31,0
1762302456499153175,99568.08,99568.08,-50.00,0.00,535.31,0
1762302457618256067,99568.08,99568.08,-50.00,0.00,535.31,0
1762302458879033017,99568.08,99568.08,-50.00,0.00,535.31,0
1762302460193938509,99568.08,99568.08,-50.00,0.00,535.31,0
1762302461232112701,99568.08,99568.08,-50.00,0.00,535.31,0
1762302462355182883,99568.08,99568.08,-50.00,0.00,535.31,0
1762302463393334797,99568.08,99568.08,-50.00,0.00,535.31,0
1762302464420349341,99568.08,99568.08,-50.00,0.00,535.31,0
1762302465449406631,99568.08,99568.08,-50.00,0.00,535.31,0
1762302466468381853,99568.08,99568.08,-50.00,0.00,535.31,0
1762302467527696513,99568.08,99568.08,-50.00,0.00,535.31,0
1762302468626949925,99568.08,99568.08,-50.00,0.00,535.31,0
1762302470041385833,99568.08,99568.08,-50.00,0.00,535.31,0
1762302471220764691,99565.91,99565.91,-50.00,0.00,537.48,1
1762302472226701053,99565.91,99565.91,-50.00,0.00,537.48,1
1762302473315808883,99553.41,99565.91,-50.00,-12.50,549.98,1
1762302474320199087,99540.91,99565.91,-50.00,-25.00,562.48,1
1762302475326654627,99540.91,99565.91,-50.00,-25.00,562.48,1
1762302476472448355,99540.91,99565.91,-50.00,-25.00,562.48,1
1762302477529387159,99540.91,99565.91,-50.00,-25.00,562.48,1
1762302478530352575,99553.41,99565.91,-50.00,-12.50,549.98,1
1762302479549452343,99563.74,99563.74,-50.00,0.00,539.65,0
1762302480549462315,99563.74,99563.74,-50.00,0.00,539.65,0
1762302481602641039,99549.07,99561.57,-50.00,-12.50,554.32,1
1762302482715130967,99561.57,99561.57,-50.00,0.00,541.82,1
1762302483775155283,99571.90,99571.90,-37.50,0.00,531.49,0
1762302484825416003,99571.90,99571.90,-37.50,0.00,531.49,0
1762302485829085119,99571.90,99571.90,-37.50,0.00,531.49,0
1762302486830353593,99580.06,99580.06,-25.00,0.00,523.33,0
1762302487854880611,99580.06,99580.06,-25.00,0.00,523.33,0
1762302488871954689,99580.06,99580.06,-25.00,0.00,523.33,0
1762302489985140409,99580.06,99580.06,-25.00,0.00,523.33,0
1762302491001612171,99580.06,99580.06,-25.00,0.00,523.33,0
1762302492067885923,99580.06,99580.06,-25.00,0.00,523.33,0
1762302493126732829,99580.06,99580.06,-25.00,0.00,523.33,0
1762302494188315417,99580.06,99580.06,-25.00,0.00,523.33,0
1762302495246530673,99580.06,99580.06,-25.00,0.00,523.33,0
1762302496334986913,99580.06,99580.06,-25.00,0.00,523.33,0
1762302497700778143,99580.06,99580.06,-25.00,0.00,523.33,0
1762302498880366471,99580.06,99580.06,-25.00,0.00,523.33,0
1762302499954077841,99580.06,99580.06,-25.00,0.00,523.33,0
1762302500967755739,99580.06,99580.06,-25.00,0.00,523.33,0
1762302502120525003,99580.06,99580.06,-25.00,0.00,523.33,0
1762302503125192697,99580.06,99580.06,-25.00,0.00,523.33,0
1762302504402506653,99580.06,99580.06,-25.00,0.00,523.33,0
1762302505404880445,99580.06,99580.06,-25.00,0.00,523.33,0
1762302506542858053,99565.39,99577.89,-25.00,-12.50,538.00,1
1762302507575790169,99565.39,99577.89,-25.00,-12.50,538.00,1
1762302508614755771,99565.39,99577.89,-25.00,-12.50,538.00,1
1762302509720842961,99565.39,99577.89,-25.00,-12.50,538.00,1
1762302510757731865,99552.89,99577.89,-25.00,-25.00,550.50,1
1762302511799005899,99552.89,99577.89,-25.00,-25.00,550.50,1
1762302513214664919,99552.89,99577.89,-25.00,-25.00,550.50,1
1762302514266118009,99552.89,99577.89,-25.00,-25.00,550.50,1
1762302515509756377,99552.89,99577.89,-25.00,-25.00,550.50,1
1762302516885549807,99552.89,99577.89,-25.00,-25.00,550.50,1
1762302517955521223,99563.22,99563.22,-37.50,0.00,540.17,0
1762302518964258951,99563.22,99563.22,-37.50,0.00,540.17,0
1762302519975597263,99563.22,99563.22,-37.50,0.00,540.17,0
1762302521049630355,99548.55,99561.05,-37.50,-12.50,554.84,1
1762302522196352669,99548.55,99561.05,-37.50,-12.50,554.84,1
1762302523225658081,99548.55,99561.05,-37.50,-12.50,554.84,1
1762302524226967919,99561.05,99561.05,-37.50,0.00,542.34,1
1762302525465785097,99571.38,99571.38,-25.00,0.00,532.01,0
1762302526523557147,99571.38,99571.38,-25.00,0.00,532.01,0
1762302527587509787,99571.38,99571.38,-25.00,0.00,532.01,0
1762302528649705035,99571.38,99571.38,-25.00,0.00,532.01,0
1762302529665897579,99571.38,99571.38,-25.00,0.00,532.01,0
1762302530671595579,99571.38,99571.38,-25.00,0.00,532.01,0
1762302531684352303,99571.38,99571.38,-25.00,0.00,532.01,0
1762302532786154187,99571.38,99571.38,-25.00,0.00,532.01,0
1762302533826944961,99571.38,99571.38,-25.00,0.00,532.01,0
1762302534826949305,99571.38,99571.38,-25.00,0.00,532.01,0
1762302535987570573,99571.38,99571.38,-25.00,0.00,532.01,0
1762302537000823323,99571.38,99571.38,-25.00,0.00,532.01,0
1762302538041573031,99571.38,99571.38,-25.00,0.00,532.01,0
1762302539075216097,99571.38,99571.38,-25.00,0.00,532.01,0
1762302540284267069,99571.38,99571.38,-25.00,0.00,532.01,0
1762302541290897897,99571.38,99571.38,-25.00,0.00,532.01,0
1762302542491144863,99571.38,99571.38,-25.00,0.00,532.01,0
1762302543527008789,99571.38,99571.38,-25.00,0.00,532.01,0
1762302544531164257,99571.38,99571.38,-25.00,0.00,532.01,0
1762302545557218665,99571.38,99571.38,-25.00,0.00,532.01,0
1762302546670665593,99571.38,99571.38,-25.00,0.00,532.01,0
1762302547748061421,99571.38,99571.38,-25.00,0.00,532.01,0
1762302548831357491,99571.38,99571.38,-25.00,0.00,532.01,0
1762302549859024977,99571.38,99571.38,-25.00,0.00,532.01,0
1762302550872902847,99571.38,99571.38,-25.00,0.00,532.01,0
1762302551888058567,99571.38,99571.38,-25.00,0.00,532.01,0
1762302553261028645,99569.21,99569.21,-25.00,0.00,534.18,1
1762302554285358377,99556.71,99569.21,-25.00,-12.50,546.68,1
1762302555318722773,99556.71,99569.21,-25.00,-12.50,546.68,1
1762302556426643879,99556.71,99569.21,-25.00,-12.50,546.68,1
1762302557479237689,99569.21,99569.21,-25.00,0.00,534.18,1
1762302558506786473,99569.21,99569.21,-25.00,0.00,534.18,1
1762302559615414881,99581.71,99569.21,-25.00,12.50,521.68,1
1762302560627081587,99569.21,99569.21,-25.00,0.00,534.18,1
1762302561642225241,99569.21,99569.21,-25.00,0.00,534.18,1
1762302563027333003,99569.21,99569.21,-25.00,0.00,534.18,1
1762302564149859047,99569.21,99569.21,-25.00,0.00,534.18,1
1762302565285335671,99556.71,99569.21,-25.00,-12.50,546.68,1
1762302566293607985,99531.71,99569.21,-25.00,-37.50,571.68,1
1762302567306950031,99531.71,99569.21,-25.00,-37.50,571.68,1
1762302568398041165,99544.21,99569.21,-25.00,-25.00,559.18,1
1762302569449858711,99531.71,99569.21,-25.00,-37.50,571.68,1
1762302570449872809,99531.71,99569.21,-25.00,-37.50,571.68,1
1762302571456903813,99544.21,99569.21,-25.00,-25.00,559.18,1
1762302572472412587,99531.71,99569.21,-25.00,-37.50,571.68,1
1762302573744360225,99531.71,99569.21,-25.00,-37.50,571.68,1
1762302575350006675,99531.71,99569.21,-25.00,-37.50,571.68,1
1762302576449885215,99531.71,99569.21,-25.00,-37.50,571.68,1
1762302577507780851,99531.71,99569.21,-25.00,-37.50,571.68,1
1762302578508320011,99506.71,99569.21,-25.00,-62.50,596.68,1
1762302579641004345,99519.21,99569.21,-25.00,-50.00,584.18,1
1762302580731729553,99529.54,99529.54,-62.50,0.00,573.85,0
1762302581749912891,99529.54,99529.54,-62.50,0.00,573.85,0
1762302582749916839,99529.54,99529.54,-62.50,0.00,573.85,0
1762302584205403281,99529.54,99529.54,-62.50,0.00,573.85,0
1762302585227249551,99529.54,99529.54,-62.50,0.00,573.85,0
1762302586249943259,99529.54,99529.54,-62.50,0.00,573.85,0
1762302587387381329,99529.54,99529.54,-62.50,0.00,573.85,0
1762302588449941427,99529.54,99529.54,-62.50,0.00,573.85,0
1762302589586006277,99529.54,99529.54,-62.50,0.00,573.85,0
1762302590618977591,99529.54,99529.54,-62.50,0.00,573.85,0
1762302591681732293,99529.54,99529.54,-62.50,0.00,573.85,0
1762302592705198097,99529.54,99529.54,-62.50,0.00,573.85,0
1762302593734609823,99529.54,99529.54,-62.50,0.00,573.85,0
1762302594744674489,99529.54,99529.54,-62.50,0.00,573.85,0
1762302595789605915,99529.54,99529.54,-62.50,0.00,573.85,0
1762302596807917827,99529.54,99529.54,-62.50,0.00,573.85,0
1762302597825227215,99529.54,99529.54,-62.50,0.00,573.85,0
1762302598865461613,99529.54,99529.54,-62.50,0.00,573.85,0
1762302599876316199,99529.54,99529.54,-62.50,0.00,573.85,0
1762302600889553717,99527.37,99527.37,-62.50,0.00,576.02,1
1762302601913587263,99527.37,99527.37,-62.50,0.00,576.02,1
1762302602914221671,99527.37,99527.37,-62.50,0.00,576.02,1
1762302604009712593,99539.87,99527.37,-62.50,12.50,563.52,1
1762302605012401543,99550.20,99550.20,-37.50,0.00,553.19,0
1762302606085942361,99550.20,99550.20,-37.50,0.00,553.19,0
1762302607213899555,99550.20,99550.20,-37.50,0.00,553.19,0
1762302608507281281,99550.20,99550.20,-37.50,0.00,553.19,0
1762302609507284947,99550.20,99550.20,-37.50,0.00,553.19,0
1762302610513747633,99550.20,99550.20,-37.50,0.00,553.19,0
1762302611588620163,99550.20,99550.20,-37.50,0.00,553.19,0
1762302612595413187,99550.20,99550.20,-37.50,0.00,553.19,0
1762302613620953867,99550.20,99550.20,-37.50,0.00,553.19,0
1762302614666381381,99548.03,99548.03,-37.50,0.00,555.36,1
1762302615703255091,99560.53,99548.03,-37.50,12.50,542.86,1
1762302616751493437,99560.53,99548.03,-37.50,12.50,542.86,1
1762302617820160065,99548.03,99548.03,-37.50,0.00,555.36,1
1762302619271715307,99548.03,99548.03,-37.50,0.00,555.36,1
1762302620581283757,99560.53,99548.03,-37.50,12.50,542.86,1
1762302621586026887,99570.86,99570.86,-12.50,0.00,532.53,0
1762302622645690353,99570.86,99570.86,-12.50,0.00,532.53,0
1762302623669827283,99570.86,99570.86,-12.50,0.00,532.53,0
1762302624691209813,99570.86,99570.86,-12.50,0.00,532.53,0
1762302625746880199,99570.86,99570.86,-12.50,0.00,532.53,0
1762302626784409541,99570.86,99570.86,-12.50,0.00,532.53,0
1762302627813924237,99570.86,99570.86,-12.50,0.00,532.53,0
1762302628825295917,99570.86,99570.86,-12.50,0.00,532.53,0
1762302629833163153,99570.86,99570.86,-12.50,0.00,532.53,0
1762302631015165667,99570.86,99570.86,-12.50,0.00,532.53,0
1762302632219082395,99570.86,99570.86,-12.50,0.00,532.53,0
1762302633286706741,99556.19,99568.69,-12.50,-12.50,547.20,1
1762302634354572579,99556.19,99568.69,-12.50,-12.50,547.20,1
1762302635476898447,99568.69,99568.69,-12.50,0.00,534.70,1
1762302636477382541,99568.69,99568.69,-12.50,0.00,534.70,1
1762302637486100885,99556.19,99568.69,-12.50,-12.50,547.20,1
1762302638519433545,99556.19,99568.69,-12.50,-12.50,547.20,1
1762302639761758297,99556.19,99568.69,-12.50,-12.50,547.20,1
1762302640772372931,99568.69,99568.69,-12.50,0.00,534.70,1
1762302641843775199,99568.69,99568.69,-12.50,0.00,534.70,1
1762302642960286805,99568.69,99568.69,-12.50,0.00,534.70,1
1762302644066969271,99579.02,99579.02,0.00,0.00,524.37,0
1762302645134904965,99579.02,99579.02,0.00,0.00,524.37,0
1762302646237316799,99579.02,99579.02,0.00,0.00,524.37,0
1762302647282416107,99579.02,99579.02,0.00,0.00,524.37,0
1762302648369648421,99564.35,99576.85,0.00,-12.50,539.04,1
1762302649399425555,99564.35,99576.85,0.00,-12.50,539.04,1
1762302650417130765,99564.35,99576.85,0.00,-12.50,539.04,1
1762302651676932601,99564.35,99576.85,0.00,-12.50,539.04,1
1762302652717741897,99564.35,99576.85,0.00,-12.50,539.04,1
1762302653877006831,99551.85,99576.85,0.00,-25.00,551.54,1
1762302654905348085,99564.35,99576.85,0.00,-12.50,539.04,1
1762302655955442115,99576.85,99576.85,0.00,0.00,526.54,1
1762302657067207269,99564.35,99576.85,0.00,-12.50,539.04,1
1762302658140133553,99576.85,99576.85,0.00,0.00,526.54,1
1762302659188194647,99576.85,99576.85,0.00,0.00,526.54,1
1762302660200176029,99576.85,99576.85,0.00,0.00,526.54,1
1762302661364217373,99564.35,99576.85,0.00,-12.50,539.04,1
1762302662554914335,99564.35,99576.85,0.00,-12.50,539.04,1
1762302663918903071,99564.35,99576.85,0.00,-12.50,539.04,1
1762302664958671851,99576.85,99576.85,0.00,0.00,526.54,1
1762302666021900979,99576.85,99576.85,0.00,0.00,526.54,1
1762302667295267215,99576.85,99576.85,0.00,0.00,526.54,1
1762302668376112829,99587.18,99587.18,12.50,0.00,516.21,0
1762302669564744919,99587.18,99587.18,12.50,0.00,516.21,0
1762302670586270139,99472.51,99585.01,12.50,-112.50,630.88,1
1762302671602242363,99505.67,99480.67,-87.50,25.00,597.72,1
1762302672633941213,99516.00,99516.00,-50.00,0.00,587.39,0
1762302673648534895,99516.00,99516.00,-50.00,0.00,587.39,0
1762302674650394755,99516.00,99516.00,-50.00,0.00,587.39,0
1762302675655730215,99488.83,99513.83,-50.00,-25.00,614.56,1
1762302676663076639,99501.33,99513.83,-50.00,-12.50,602.06,1
1762302677728226709,99501.33,99513.83,-50.00,-12.50,602.06,1
1762302678738900353,99501.33,99513.83,-50.00,-12.50,602.06,1
1762302679839813843,99488.83,99513.83,-50.00,-25.00,614.56,1
1762302680866890647,99476.33,99513.83,-50.00,-37.50,627.06,1
1762302681944337013,99413.83,99513.83,-50.00,-100.00,689.56,1
1762302682961384775,99426.33,99513.83,-50.00,-87.50,677.06,1
1762302684087952945,99426.33,99513.83,-50.00,-87.50,677.06,1
1762302685148601345,99426.33,99513.83,-50.00,-87.50,677.06,1
1762302686180823025,99449.16,99449.16,-112.50,0.00,654.23,0
1762302687221245209,99449.16,99449.16,-112.50,0.00,654.23,0
1762302688275605353,99449.16,99449.16,-112.50,0.00,654.23,0
1762302689363449893,99449.16,99449.16,-112.50,0.00,654.23,0
1762302690370740807,99442.65,99442.65,-112.50,0.00,660.74,1
1762302691507645511,99430.15,99442.65,-112.50,-12.50,673.24,1
1762302692507649177,99430.15,99442.65,-112.50,-12.50,673.24,1
1762302693650456265,99417.65,99442.65,-112.50,-25.00,685.74,1
1762302694656432479,99430.15,99442.65,-112.50,-12.50,673.24,1
1762302695659463271,99440.48,99440.48,-112.50,0.00,662.91,0
1762302696671821733,99400.81,99438.31,-112.50,-37.50,702.58,1
1762302697686368573,99400.81,99438.31,-112.50,-37.50,702.58,1
1762302698694331583,99413.31,99438.31,-112.50,-25.00,690.08,1
1762302699707763541,99423.64,99423.64,-125.00,0.00,679.75,0
1762302700774069659,99423.64,99423.64,-125.00,0.00,679.75,0
1762302701893574729,99423.64,99423.64,-125.00,0.00,679.75,0
1762302702917880229,99423.64,99423.64,-125.00,0.00,679.75,0
1762302703918464887,99423.64,99423.64,-125.00,0.00,679.75,0
1762302704921490543,99423.64,99423.64,-125.00,0.00,679.75,0
1762302706007700203,99423.64,99423.64,-125.00,0.00,679.75,0
1762302707266947467,99423.64,99423.64,-125.00,0.00,679.75,0
1762302708333881599,99423.64,99423.64,-125.00,0.00,679.75,0
1762302709407183185,99423.64,99423.64,-125.00,0.00,679.75,0
1762302710512871225,99423.64,99423.64,-125.00,0.00,679.75,0
1762302711582401367,99423.64,99423.64,-125.00,0.00,679.75,0
1762302712611920071,99423.64,99423.64,-125.00,0.00,679.75,0
1762302713808763255,99423.64,99423.64,-125.00,0.00,679.75,0
1762302714977879829,99423.64,99423.64,-125.00,0.00,679.75,0
1762302716106678889,99423.64,99423.64,-125.00,0.00,679.75,0
1762302717127841663,99423.64,99423.64,-125.00,0.00,679.75,0
1762302718223099923,99423.64,99423.64,-125.00,0.00,679.75,0
1762302719231007153,99423.64,99423.64,-125.00,0.00,679.75,0
1762302720241535415,99423.64,99423.64,-125.00,0.00,679.75,0
1762302721263900453,99423.64,99423.64,-125.00,0.00,679.75,0
1762302722313936731,99423.64,99423.64,-125.00,0.00,679.75,0
1762302723348179057,99423.64,99423.64,-125.00,0.00,679.75,0
1762302724424678181,99408.97,99421.47,-125.00,-12.50,694.42,1
1762302725427517755,99408.97,99421.47,-125.00,-12.50,694.42,1
1762302726449139787,99396.47,99421.47,-125.00,-25.00,706.92,1
1762302727479803199,99396.47,99421.47,-125.00,-25.00,706.92,1
1762302728583376133,99396.47,99421.47,-125.00,-25.00,706.92,1
1762302729658654227,99396.47,99421.47,-125.00,-25.00,706.92,1
1762302730677214199,99396.47,99421.47,-125.00,-25.00,706.92,1
1762302731883538541,99396.47,99421.47,-125.00,-25.00,706.92,1
1762302732884943741,99408.97,99421.47,-125.00,-12.50,694.42,1
1762302733887991277,99396.47,99421.47,-125.00,-25.00,706.92,1
1762302735079882349,99408.97,99421.47,-125.00,-12.50,694.42,1
1762302736128937347,99421.47,99421.47,-125.00,0.00,681.92,1
1762302737132770749,99431.80,99431.80,-112.50,0.00,671.59,0
1762302738155636569,99431.80,99431.80,-112.50,0.00,671.59,0
1762302739219000793,99431.80,99431.80,-112.50,0.00,671.59,0
1762302740244491647,99431.80,99431.80,-112.50,0.00,671.59,0
1762302741314630307,99431.80,99431.80,-112.50,0.00,671.59,0
1762302742555879893,99429.63,99429.63,-112.50,0.00,673.76,1
1762302743713688281,99429.63,99429.63,-112.50,0.00,673.76,1
1762302744715827545,99452.46,99452.46,-87.50,0.00,650.93,0
1762302745728018861,99452.46,99452.46,-87.50,0.00,650.93,0
1762302746749505893,99452.46,99452.46,-87.50,0.00,650.93,0
1762302747757032663,99452.46,99452.46,-87.50,0.00,650.93,0
1762302748828534487,99452.46,99452.46,-87.50,0.00,650.93,0
1762302749858237039,99452.46,99452.46,-87.50,0.00,650.93,0
1762302750903098513,99452.46,99452.46,-87.50,0.00,650.93,0
1762302752049041637,99452.46,99452.46,-87.50,0.00,650.93,0
1762302753050689349,99452.46,99452.46,-87.50,0.00,650.93,0
1762302754053758067,99452.46,99452.46,-87.50,0.00,650.93,0
1762302755064990381,99452.46,99452.46,-87.50,0.00,650.93,0
1762302756069452749,99452.46,99452.46,-87.50,0.00,650.93,0
1762302757137054391,99452.46,99452.46,-87.50,0.00,650.93,0
1762302758189038095,99452.46,99452.46,-87.50,0.00,650.93,0
1762302759206259735,99452.46,99452.46,-87.50,0.00,650.93,0
1762302760253343081,99452.46,99452.46,-87.50,0.00,650.93,0
1762302761315176761,99452.46,99452.46,-87.50,0.00,650.93,0
1762302762402937613,99452.46,99452.46,-87.50,0.00,650.93,0
1762302763436237393,99452.46,99452.46,-87.50,0.00,650.93,0
1762302764450753815,99452.46,99452.46,-87.50,0.00,650.93,0
1762302765450763295,99452.46,99452.46,-87.50,0.00,650.93,0
1762302766492965915,99452.46,99452.46,-87.50,0.00,650.93,0
1762302767497203525,99452.46,99452.46,-87.50,0.00,650.93,0
1762302768528882005,99452.46,99452.46,-87.50,0.00,650.93,0
1762302769650830591,99452.46,99452.46,-87.50,0.00,650.93,0
1762302770687578153,99452.46,99452.46,-87.50,0.00,650.93,0
1762302771706400605,99437.79,99450.29,-87.50,-12.50,665.60,1
1762302772720582223,99437.79,99450.29,-87.50,-12.50,665.60,1
1762302773747871179,99450.29,99450.29,-87.50,0.00,653.10,1
1762302774945202535,99450.29,99450.29,-87.50,0.00,653.10,1
1762302776014541881,99450.29,99450.29,-87.50,0.00,653.10,1
1762302777098678631,99400.29,99450.29,-87.50,-50.00,703.10,1
1762302778250816035,99400.29,99450.29,-87.50,-50.00,703.10,1
1762302779359507759,99412.79,99450.29,-87.50,-37.50,690.60,1
1762302780366965475,99412.79,99450.29,-87.50,-37.50,690.60,1
1762302781426771039,99412.79,99450.29,-87.50,-37.50,690.60,1
1762302782427016083,99423.12,99423.12,-112.50,0.00,680.27,0
1762302783438956943,99423.12,99423.12,-112.50,0.00,680.27,0
1762302784569645701,99423.12,99423.12,-112.50,0.00,680.27,0
1762302785627756137,99420.95,99420.95,-112.50,0.00,682.44,1
1762302786627882323,99408.45,99420.95,-112.50,-12.50,694.94,1
1762302787674144975,99408.45,99420.95,-112.50,-12.50,694.94,1
1762302788685511267,99408.45,99420.95,-112.50,-12.50,694.94,1
1762302789791751027,99408.45,99420.95,-112.50,-12.50,694.94,1
1762302790978578223,99420.95,99420.95,-112.50,0.00,682.44,1
1762302792047603525,99443.78,99443.78,-87.50,0.00,659.61,0
1762302793050909027,99443.78,99443.78,-87.50,0.00,659.61,0
1762302794078371633,99443.78,99443.78,-87.50,0.00,659.61,0
1762302795094891325,99443.78,99443.78,-87.50,0.00,659.61,0
1762302796128210761,99443.78,99443.78,-87.50,0.00,659.61,0
1762302797129252961,99443.78,99443.78,-87.50,0.00,659.61,0
1762302798175238021,99443.78,99443.78,-87.50,0.00,659.61,0
1762302799258022997,99443.78,99443.78,-87.50,0.00,659.61,0
1762302800371194003,99429.11,99441.61,-87.50,-12.50,674.28,1
1762302801384799407,99429.11,99441.61,-87.50,-12.50,674.28,1
1762302802408075255,99429.11,99441.61,-87.50,-12.50,674.28,1
1762302803586924691,99429.11,99441.61,-87.50,-12.50,674.28,1
1762302804724620259,99416.61,99441.61,-87.50,-25.00,686.78,1
1762302805745441271,99429.11,99441.61,-87.50,-12.50,674.28,1
1762302806862129771,99429.11,99441.61,-87.50,-12.50,674.28,1
1762302807963437077,99429.11,99441.61,-87.50,-12.50,674.28,1
1762302808985713271,99416.61,99441.61,-87.50,-25.00,686.78,1
1762302810015646115,99429.11,99441.61,-87.50,-12.50,674.28,1
1762302811132214965,99391.61,99441.61,-87.50,-50.00,711.78,1
1762302812141102539,99379.11,99441.61,-87.50,-62.50,724.28,1
1762302813144330869,99379.11,99441.61,-87.50,-62.50,724.28,1
1762302814147916023,99379.11,99441.61,-87.50,-62.50,724.28,1
1762302815160933085,99379.11,99441.61,-87.50,-62.50,724.28,1
1762302816296059959,99379.11,99441.61,-87.50,-62.50,724.28,1
1762302817313917287,99391.61,99441.61,-87.50,-50.00,711.78,1
1762302818499240313,99391.61,99441.61,-87.50,-50.00,711.78,1
1762302819552050105,99379.11,99441.61,-87.50,-62.50,724.28,1
1762302820588323823,99379.11,99441.61,-87.50,-62.50,724.28,1
1762302821590548539,99401.94,99401.94,-125.00,0.00,701.45,0
1762302822598725589,99401.94,99401.94,-125.00,0.00,701.45,0
1762302823836255545,99401.94,99401.94,-125.00,0.00,701.45,0
1762302824845588783,99401.94,99401.94,-125.00,0.00,701.45,0
1762302825851024075,99401.94,99401.94,-125.00,0.00,701.45,0
1762302826851042095,99401.94,99401.94,-125.00,0.00,701.45,0
1762302828067595859,99401.94,99401.94,-125.00,0.00,701.45,0
1762302829147054987,99401.94,99401.94,-125.00,0.00,701.45,0
1762302830231167005,99401.94,99401.94,-125.00,0.00,701.45,0
1762302831232130677,99401.94,99401.94,-125.00,0.00,701.45,0
1762302832367359293,99401.94,99401.94,-125.00,0.00,701.45,0
1762302833380623049,99401.94,99401.94,-125.00,0.00,701.45,0
1762302834401171061,99401.94,99401.94,-125.00,0.00,701.45,0
1762302835508227149,99401.94,99401.94,-125.00,0.00,701.45,0
1762302836591384539,99401.94,99401.94,-125.00,0.00,701.45,0
1762302837673821063,99401.94,99401.94,-125.00,0.00,701.45,0
1762302838717376475,99401.94,99401.94,-125.00,0.00,701.45,0
1762302839732508277,99401.94,99401.94,-125.00,0.00,701.45,0
1762302840738711589,99401.94,99401.94,-125.00,0.00,701.45,0
1762302841746765777,99401.94,99401.94,-125.00,0.00,701.45,0
1762302842895860857,99399.77,99399.77,-125.00,0.00,703.62,1
1762302843934454185,99399.77,99399.77,-125.00,0.00,703.62,1
1762302844945255989,99399.77,99399.77,-125.00,0.00,703.62,1
1762302845951117291,99399.77,99399.77,-125.00,0.00,703.62,1
1762302846981109073,99399.77,99399.77,-125.00,0.00,703.62,1
1762302848051127909,99387.27,99399.77,-125.00,-12.50,716.12,1
1762302849142898833,99374.77,99399.77,-125.00,-25.00,728.62,1
1762302850171765533,99349.77,99399.77,-125.00,-50.00,753.62,1
1762302851213256481,99372.60,99372.60,-150.00,0.00,730.79,0
1762302852342131099,99372.60,99372.60,-150.00,0.00,730.79,0
1762302853352538663,99372.60,99372.60,-150.00,0.00,730.79,0
1762302854366913453,99372.60,99372.60,-150.00,0.00,730.79,0
1762302855399950209,99370.43,99370.43,-150.00,0.00,732.96,1
1762302856478130597,99357.93,99370.43,-150.00,-12.50,745.46,1
1762302858082880611,99370.43,99370.43,-150.00,0.00,732.96,1
1762302859107812797,99370.43,99370.43,-150.00,0.00,732.96,1
1762302860108205695,99380.76,99380.76,-137.50,0.00,722.63,0
1762302861216380963,99380.76,99380.76,-137.50,0.00,722.63,0
1762302862338707811,99380.76,99380.76,-137.50,0.00,722.63,0
1762302863405438385,99380.76,99380.76,-137.50,0.00,722.63,0
1762302864428525195,99378.59,99378.59,-137.50,0.00,724.80,1
1762302865466501869,99366.09,99378.59,-137.50,-12.50,737.30,1
1762302866632131353,99366.09,99378.59,-137.50,-12.50,737.30,1
1762302867651237989,99366.09,99378.59,-137.50,-12.50,737.30,1
1762302868913755293,99378.59,99378.59,-137.50,0.00,724.80,1
1762302870012128117,99378.59,99378.59,-137.50,0.00,724.80,1
1762302871481798727,99391.09,99378.59,-137.50,12.50,712.30,1
1762302872527526461,99391.09,99378.59,-137.50,12.50,712.30,1
1762302873651277163,99378.59,99378.59,-137.50,0.00,724.80,1
1762302874741179605,99378.59,99378.59,-137.50,0.00,724.80,1
1762302876033505201,99391.09,99378.59,-137.50,12.50,712.30,1
1762302877048608391,99401.42,99401.42,-112.50,0.00,701.97,0
1762302878058952681,99401.42,99401.42,-112.50,0.00,701.97,0
1762302879128594883,99401.42,99401.42,-112.50,0.00,701.97,0
1762302880247606441,99401.42,99401.42,-112.50,0.00,701.97,0
1762302881282054943,99401.42,99401.42,-112.50,0.00,701.97,0
1762302882285905441,99401.42,99401.42,-112.50,0.00,701.97,0
1762302883390488909,99401.42,99401.42,-112.50,0.00,701.97,0
1762302884507568865,99399.25,99399.25,-112.50,0.00,704.14,1
1762302885734005853,99386.75,99399.25,-112.50,-12.50,716.64,1
1762302886751307637,99361.75,99399.25,-112.50,-37.50,741.64,1
1762302887846666715,99361.75,99399.25,-112.50,-37.50,741.64,1
1762302888851322827,99361.75,99399.25,-112.50,-37.50,741.64,1
1762302889867396963,99374.25,99399.25,-112.50,-25.00,729.14,1
1762302890878574351,99361.75,99399.25,-112.50,-37.50,741.64,1
1762302891897043369,99374.25,99399.25,-112.50,-25.00,729.14,1
1762302892928648587,99374.25,99399.25,-112.50,-25.00,729.14,1
1762302894043444305,99374.25,99399.25,-112.50,-25.00,729.14,1
1762302895071150207,99386.75,99399.25,-112.50,-12.50,716.64,1
1762302896208776971,99386.75,99399.25,-112.50,-12.50,716.64,1
1762302897283166405,99374.25,99399.25,-112.50,-25.00,729.14,1
1762302898284084149,99374.25,99399.25,-112.50,-25.00,729.14,1
1762302899438373415,99397.08,99397.08,-112.50,0.00,706.31,0
1762302900466821439,99397.08,99397.08,-112.50,0.00,706.31,0
1762302901505886019,99397.08,99397.08,-112.50,0.00,706.31,0
1762302902520601019,99397.08,99397.08,-112.50,0.00,706.31,0
1762302903551374131,99397.08,99397.08,-112.50,0.00,706.31,0
1762302904560874043,99397.08,99397.08,-112.50,0.00,706.31,0
1762302905700293153,99397.08,99397.08,-112.50,0.00,706.31,0
1762302906719756387,99382.41,99394.91,-112.50,-12.50,720.98,1
1762302907724069031,99394.91,99394.91,-112.50,0.00,708.48,1
1762302908724125505,99382.41,99394.91,-112.50,-12.50,720.98,1
1762302909782519979,99382.41,99394.91,-112.50,-12.50,720.98,1
1762302910807006025,99369.91,99394.91,-112.50,-25.00,733.48,1
1762302911809506207,99369.91,99394.91,-112.50,-25.00,733.48,1
1762302912812506379,99369.91,99394.91,-112.50,-25.00,733.48,1
1762302913869094317,99380.24,99380.24,-125.00,0.00,723.15,0
1762302914891418119,99380.24,99380.24,-125.00,0.00,723.15,0
1762302915927090575,99380.24,99380.24,-125.00,0.00,723.15,0
1762302916949755487,99380.24,99380.24,-125.00,0.00,723.15,0
1762302917964723931,99380.24,99380.24,-125.00,0.00,723.15,0
1762302919018279377,99380.24,99380.24,-125.00,0.00,723.15,0
1762302920139948853,99380.24,99380.24,-125.00,0.00,723.15,0
1762302921151490661,99378.07,99378.07,-125.00,0.00,725.32,1
1762302922211461851,99378.07,99378.07,-125.00,0.00,725.32,1
1762302923228844167,99378.07,99378.07,-125.00,0.00,725.32,1
1762302924251465205,99365.57,99378.07,-125.00,-12.50,737.82,1
1762302925429750629,99365.57,99378.07,-125.00,-12.50,737.82,1
1762302926449953499,99365.57,99378.07,-125.00,-12.50,737.82,1
1762302927558475185,99340.57,99378.07,-125.00,-37.50,762.82,1
1762302928652458435,99350.90,99350.90,-150.00,0.00,752.49,0
1762302929882978537,99350.90,99350.90,-150.00,0.00,752.49,0
1762302931026866155,99350.90,99350.90,-150.00,0.00,752.49,0
1762302932187427029,99350.90,99350.90,-150.00,0.00,752.49,0
1762302933257716585,99350.90,99350.90,-150.00,0.00,752.49,0
1762302934436850045,99348.73,99348.73,-150.00,0.00,754.66,1
1762302935451548639,99311.23,99348.73,-150.00,-37.50,792.16,1
1762302936591958223,99311.23,99348.73,-150.00,-37.50,792.16,1
1762302937592177321,99296.56,99346.56,-150.00,-50.00,806.83,1
1762302938642812301,99296.56,99346.56,-150.00,-50.00,806.83,1
1762302939682390931,99319.39,99331.89,-162.50,-12.50,784.00,1
1762302940690406863,99331.89,99331.89,-162.50,0.00,771.50,1
1762302941708725399,99344.39,99331.89,-162.50,12.50,759.00,1
1762302942751542305,99344.39,99331.89,-162.50,12.50,759.00,1
1762302943786332029,99331.89,99331.89,-162.50,0.00,771.50,1
1762302944906215783,99319.39,99331.89,-162.50,-12.50,784.00,1
1762302945908648901,99342.22,99342.22,-150.00,0.00,761.17,0
1762302946982347397,99342.22,99342.22,-150.00,0.00,761.17,0
1762302948092642949,99342.22,99342.22,-150.00,0.00,761.17,0
1762302949337882757,99342.22,99342.22,-150.00,0.00,761.17,0
1762302950341922569,99342.22,99342.22,-150.00,0.00,761.17,0
1762302951422136061,99327.55,99340.05,-150.00,-12.50,775.84,1
1762302952445450477,99352.55,99340.05,-150.00,12.50,750.84,1
1762302953451627349,99362.88,99362.88,-125.00,0.00,740.51,0
1762302954502194339,99362.88,99362.88,-125.00,0.00,740.51,0
1762302955957006095,99362.88,99362.88,-125.00,0.00,740.51,0
1762302957536005785,99362.88,99362.88,-125.00,0.00,740.51,0
1762302958608699045,99362.88,99362.88,-125.00,0.00,740.51,0
1762302959693329399,99362.88,99362.88,-125.00,0.00,740.51,0
1762302960713583525,99362.88,99362.88,-125.00,0.00,740.51,0
1762302961751677163,99360.71,99360.71,-125.00,0.00,742.68,1
1762302962876588337,99373.21,99360.71,-125.00,12.50,730.18,1
1762302963886428419,99360.71,99360.71,-125.00,0.00,742.68,1
1762302965265233461,99360.71,99360.71,-125.00,0.00,742.68,1
1762302966336388525,99373.21,99360.71,-125.00,12.50,730.18,1
1762302967382846819,99383.54,99383.54,-100.00,0.00,719.85,0
1762302968428997485,99383.54,99383.54,-100.00,0.00,719.85,0
1762302969658790945,99383.54,99383.54,-100.00,0.00,719.85,0
1762302970663872971,99383.54,99383.54,-100.00,0.00,719.85,0
1762302971671367061,99383.54,99383.54,-100.00,0.00,719.85,0
1762302972678949505,99383.54,99383.54,-100.00,0.00,719.85,0
1762302973698607879,99383.54,99383.54,-100.00,0.00,719.85,0
1762302974800006771,99383.54,99383.54,-100.00,0.00,719.85,0
1762302975810021447,99383.54,99383.54,-100.00,0.00,719.85,0
1762302976854965547,99383.54,99383.54,-100.00,0.00,719.85,0
1762302977996255533,99383.54,99383.54,-100.00,0.00,719.85,0
1762302979054027535,99383.54,99383.54,-100.00,0.00,719.85,0
1762302980275318951,99383.54,99383.54,-100.00,0.00,719.85,0
1762302981452342795,99383.54,99383.54,-100.00,0.00,719.85,0
1762302982477537165,99368.87,99381.37,-100.00,-12.50,734.52,1
1762302983529056323,99381.37,99381.37,-100.00,0.00,722.02,1
1762302984649599953,99368.87,99381.37,-100.00,-12.50,734.52,1
1762302985900877937,99368.87,99381.37,-100.00,-12.50,734.52,1
1762302986971880581,99356.37,99381.37,-100.00,-25.00,747.02,1
1762302988004385333,99343.87,99381.37,-100.00,-37.50,759.52,1
1762302989378065219,99343.87,99381.37,-100.00,-37.50,759.52,1
1762302990429097843,99379.20,99379.20,-100.00,0.00,724.19,0
1762302991446893447,99379.20,99379.20,-100.00,0.00,724.19,0
1762302992459404619,99379.20,99379.20,-100.00,0.00,724.19,0
1762302993490716293,99379.20,99379.20,-100.00,0.00,724.19,0
1762302994944005923,99379.20,99379.20,-100.00,0.00,724.19,0
1762302996050917377,99379.20,99379.20,-100.00,0.00,724.19,0
1762302997654210721,99379.20,99379.20,-100.00,0.00,724.19,0
1762302998930131099,99379.20,99379.20,-100.00,0.00,724.19,0
1762302999948910283,99379.20,99379.20,-100.00,0.00,724.19,0
1762303001085630829,99379.20,99379.20,-100.00,0.00,724.19,0
1762303002385705309,99379.20,99379.20,-100.00,0.00,724.19,0
1762303003429545335,99379.20,99379.20,-100.00,0.00,724.19,0
1762303004581941583,99379.20,99379.20,-100.00,0.00,724.19,0
1762303005592627589,99379.20,99379.20,-100.00,0.00,724.19,0
1762303006618325353,99379.20,99379.20,-100.00,0.00,724.19,0
1762303007637276519,99379.20,99379.20,-100.00,0.00,724.19,0
1762303008656191555,99379.20,99379.20,-100.00,0.00,724.19,0
1762303009759881683,99379.20,99379.20,-100.00,0.00,724.19,0
1762303010772458481,99379.20,99379.20,-100.00,0.00,724.19,0
1762303011966505169,99364.53,99377.03,-100.00,-12.50,738.86,1
1762303012975154965,99364.53,99377.03,-100.00,-12.50,738.86,1
1762303014486195859,99364.53,99377.03,-100.00,-12.50,738.86,1
1762303015513278777,99364.53,99377.03,-100.00,-12.50,738.86,1
1762303016568783603,99352.03,99377.03,-100.00,-25.00,751.36,1
1762303018011270317,99364.53,99377.03,-100.00,-12.50,738.86,1
1762303019243267577,99364.53,99377.03,-100.00,-12.50,738.86,1
1762303020249104555,99389.53,99377.03,-100.00,12.50,713.86,1
1762303021259492397,99389.53,99377.03,-100.00,12.50,713.86,1
1762303022297130387,99402.03,99377.03,-100.00,25.00,701.36,1
1762303023306416511,99412.36,99412.36,-62.50,0.00,691.03,0
1762303024326325635,99412.36,99412.36,-62.50,0.00,691.03,0
1762303025367515517,99412.36,99412.36,-62.50,0.00,691.03,0
1762303026408791449,99412.36,99412.36,-62.50,0.00,691.03,0
1762303027408970653,99412.36,99412.36,-62.50,0.00,691.03,0
1762303028408973089,99412.36,99412.36,-62.50,0.00,691.03,0
1762303029418313781,99412.36,99412.36,-62.50,0.00,691.03,0
1762303030660522379,99410.19,99410.19,-62.50,0.00,693.20,1
1762303031691949649,99397.69,99410.19,-62.50,-12.50,705.70,1
1762303032783473973,99410.19,99410.19,-62.50,0.00,693.20,1
1762303033789003351,99397.69,99410.19,-62.50,-12.50,705.70,1
1762303034821062287,99397.69,99410.19,-62.50,-12.50,705.70,1
1762303035852040153,99397.69,99410.19,-62.50,-12.50,705.70,1
1762303036852047479,99397.69,99410.19,-62.50,-12.50,705.70,1
1762303037852055687,99385.19,99410.19,-62.50,-25.00,718.20,1
1762303038858930643,99397.69,99410.19,-62.50,-12.50,705.70,1
1762303039946498363,99385.19,99410.19,-62.50,-25.00,718.20,1
1762303040950368703,99385.19,99410.19,-62.50,-25.00,718.20,1
1762303041976885365,99385.19,99410.19,-62.50,-25.00,718.20,1
1762303043011101195,99385.19,99410.19,-62.50,-25.00,718.20,1
1762303044014469365,99408.02,99408.02,-62.50,0.00,695.37,0
1762303045053628657,99393.35,99405.85,-62.50,-12.50,710.04,1
1762303046100281725,99416.18,99416.18,-50.00,0.00,687.21,0
1762303047137449029,99416.18,99416.18,-50.00,0.00,687.21,0
1762303048272506289,99416.18,99416.18,-50.00,0.00,687.21,0
1762303049309058917,99416.18,99416.18,-50.00,0.00,687.21,0
1762303050382671039,99416.18,99416.18,-50.00,0.00,687.21,0
1762303051426491085,99416.18,99416.18,-50.00,0.00,687.21,0
1762303052944641407,99416.18,99416.18,-50.00,0.00,687.21,0
1762303054168055353,99416.18,99416.18,-50.00,0.00,687.21,0
1762303055182841977,99416.18,99416.18,-50.00,0.00,687.21,0
1762303056186784763,99416.18,99416.18,-50.00,0.00,687.21,0
1762303057249135141,99416.18,99416.18,-50.00,0.00,687.21,0
1762303058250256347,99416.18,99416.18,-50.00,0.00,687.21,0
1762303059251465771,99416.18,99416.18,-50.00,0.00,687.21,0
1762303060574675701,99416.18,99416.18,-50.00,0.00,687.21,0
1762303062161027195,99416.18,99416.18,-50.00,0.00,687.21,0
1762303063296207549,99416.18,99416.18,-50.00,0.00,687.21,0
1762303064329424433,99416.18,99416.18,-50.00,0.00,687.21,0
1762303065329427913,99401.51,99414.01,-50.00,-12.50,701.88,1
1762303066333980793,99389.01,99414.01,-50.00,-25.00,714.38,1
1762303067339301689,99389.01,99414.01,-50.00,-25.00,714.38,1
1762303068508909171,99389.01,99414.01,-50.00,-25.00,714.38,1
1762303069568773191,99376.51,99414.01,-50.00,-37.50,726.88,1
1762303070656368527,99376.51,99414.01,-50.00,-37.50,726.88,1
1762303071663880489,99376.51,99414.01,-50.00,-37.50,726.88,1
1762303072676837225,99389.01,99414.01,-50.00,-25.00,714.38,1
1762303073704532945,99389.01,99414.01,-50.00,-25.00,714.38,1
1762303074874563003,99389.01,99414.01,-50.00,-25.00,714.38,1
1762303075951130883,99389.01,99414.01,-50.00,-25.00,714.38,1
1762303076956863125,99376.51,99414.01,-50.00,-37.50,726.88,1
1762303077957171433,99376.51,99414.01,-50.00,-37.50,726.88,1
1762303078957183307,99376.51,99414.01,-50.00,-37.50,726.88,1
1762303079975415353,99376.51,99414.01,-50.00,-37.50,726.88,1
1762303081185442729,99376.51,99414.01,-50.00,-37.50,726.88,1
1762303082219754699,99364.01,99414.01,-50.00,-50.00,739.38,1
1762303083229562849,99351.51,99414.01,-50.00,-62.50,751.88,1
1762303084570725003,99351.51,99414.01,-50.00,-62.50,751.88,1
1762303085629381099,99351.51,99414.01,-50.00,-62.50,751.88,1
1762303086782506499,99364.01,99414.01,-50.00,-50.00,739.38,1
1762303087785756063,99374.34,99374.34,-87.50,0.00,729.05,0
1762303088786934047,99374.34,99374.34,-87.50,0.00,729.05,0
1762303089795462199,99374.34,99374.34,-87.50,0.00,729.05,0
1762303090874467339,99374.34,99374.34,-87.50,0.00,729.05,0
1762303091896287799,99374.34,99374.34,-87.50,0.00,729.05,0
1762303092900129555,99374.34,99374.34,-87.50,0.00,729.05,0
1762303093976393081,99374.34,99374.34,-87.50,0.00,729.05,0
1762303095303371095,99374.34,99374.34,-87.50,0.00,729.05,0
1762303096371639313,99359.67,99372.17,-87.50,-12.50,743.72,1
1762303097374260121,99372.17,99372.17,-87.50,0.00,731.22,1
1762303098466380695,99382.50,99382.50,-75.00,0.00,720.89,0
1762303099526061375,99382.50,99382.50,-75.00,0.00,720.89,0
1762303100526702273,99382.50,99382.50,-75.00,0.00,720.89,0
1762303102059522749,99382.50,99382.50,-75.00,0.00,720.89,0
1762303103073933365,99382.50,99382.50,-75.00,0.00,720.89,0
1762303104183255667,99382.50,99382.50,-75.00,0.00,720.89,0
1762303105197607151,99382.50,99382.50,-75.00,0.00,720.89,0
1762303106294764391,99382.50,99382.50,-75.00,0.00,720.89,0
1762303107300904027,99382.50,99382.50,-75.00,0.00,720.89,0
1762303108309903991,99382.50,99382.50,-75.00,0.00,720.89,0
1762303109330363961,99382.50,99382.50,-75.00,0.00,720.89,0
1762303110413446389,99382.50,99382.50,-75.00,0.00,720.89,0
1762303111413938509,99382.50,99382.50,-75.00,0.00,720.89,0
1762303112509244155,99382.50,99382.50,-75.00,0.00,720.89,0
1762303113510183611,99355.33,99380.33,-75.00,-25.00,748.06,1
1762303114552393205,99355.33,99380.33,-75.00,-25.00,748.06,1
1762303115587054021,99355.33,99380.33,-75.00,-25.00,748.06,1
1762303116742385703,99355.33,99380.33,-75.00,-25.00,748.06,1
1762303117763040981,99378.16,99378.16,-75.00,0.00,725.23,0
1762303118944938671,99378.16,99378.16,-75.00,0.00,725.23,0
1762303120153005651,99378.16,99378.16,-75.00,0.00,725.23,0
1762303121180253199,99378.16,99378.16,-75.00,0.00,725.23,0
1762303122202454339,99378.16,99378.16,-75.00,0.00,725.23,0
1762303123353534971,99378.16,99378.16,-75.00,0.00,725.23,0
1762303124388293471,99378.16,99378.16,-75.00,0.00,725.23,0
1762303125406591513,99378.16,99378.16,-75.00,0.00,725.23,0
1762303126816969669,99378.16,99378.16,-75.00,0.00,725.23,0
1762303127850881041,99378.16,99378.16,-75.00,0.00,725.23,0
1762303128881711281,99378.16,99378.16,-75.00,0.00,725.23,0
1762303129914635837,99378.16,99378.16,-75.00,0.00,725.23,0
1762303130951016433,99378.16,99378.16,-75.00,0.00,725.23,0
1762303131955949399,99378.16,99378.16,-75.00,0.00,725.23,0
1762303132966380159,99378.16,99378.16,-75.00,0.00,725.23,0
1762303133971667693,99378.16,99378.16,-75.00,0.00,725.23,0
1762303134971880663,99378.16,99378.16,-75.00,0.00,725.23,0
1762303135973348001,99378.16,99378.16,-75.00,0.00,725.23,0
1762303137018949107,99378.16,99378.16,-75.00,0.00,725.23,0
1762303138079880971,99378.16,99378.16,-75.00,0.00,725.23,0
1762303139085682711,99378.16,99378.16,-75.00,0.00,725.23,0
1762303140152555403,99378.16,99378.16,-75.00,0.00,725.23,0
1762303141264505659,99378.16,99378.16,-75.00,0.00,725.23,0
1762303142340570069,99378.16,99378.16,-75.00,0.00,725.23,0
1762303143381867369,99378.16,99378.16,-75.00,0.00,725.23,0
1762303144438701295,99378.16,99378.16,-75.00,0.00,725.23,0
1762303145488361055,99378.16,99378.16,-75.00,0.00,725.23,0
1762303146488387183,99378.16,99378.16,-75.00,0.00,725.23,0
1762303147653331293,99378.16,99378.16,-75.00,0.00,725.23,0
1762303148741930499,99378.16,99378.16,-75.00,0.00,725.23,0
1762303149755502885,99378.16,99378.16,-75.00,0.00,725.23,0
1762303150807833001,99378.16,99378.16,-75.00,0.00,725.23,0
1762303151998793679,99378.16,99378.16,-75.00,0.00,725.23,0
1762303153199187345,99378.16,99378.16,-75.00,0.00,725.23,0
1762303154309222325,99378.16,99378.16,-75.00,0.00,725.23,0
1762303155604243473,99363.49,99375.99,-75.00,-12.50,739.90,1
1762303156981263037,99363.49,99375.99,-75.00,-12.50,739.90,1
1762303157987239249,99350.99,99375.99,-75.00,-25.00,752.40,1
1762303158988506295,99350.99,99375.99,-75.00,-25.00,752.40,1
1762303160141380729,99350.99,99375.99,-75.00,-25.00,752.40,1
1762303161363445241,99350.99,99375.99,-75.00,-25.00,752.40,1
1762303162372399459,99350.99,99375.99,-75.00,-25.00,752.40,1
1762303163402725121,99350.99,99375.99,-75.00,-25.00,752.40,1
1762303164404379479,99363.49,99375.99,-75.00,-12.50,739.90,1
1762303165452614129,99363.49,99375.99,-75.00,-12.50,739.90,1
1762303166659843409,99363.49,99375.99,-75.00,-12.50,739.90,1
1762303167787950937,99363.49,99375.99,-75.00,-12.50,739.90,1
1762303168792786277,99386.32,99386.32,-62.50,0.00,717.07,0
1762303169820880919,99386.32,99386.32,-62.50,0.00,717.07,0
1762303170829890095,99386.32,99386.32,-62.50,0.00,717.07,0
1762303171929912383,99386.32,99386.32,-62.50,0.00,717.07,0
1762303172936025677,99386.32,99386.32,-62.50,0.00,717.07,0
1762303173988493045,99386.32,99386.32,-62.50,0.00,717.07,0
1762303175032248181,99386.32,99386.32,-62.50,0.00,717.07,0
1762303176032351623,99386.32,99386.32,-62.50,0.00,717.07,0
1762303177113836159,99386.32,99386.32,-62.50,0.00,717.07,0
1762303178346005023,99386.32,99386.32,-62.50,0.00,717.07,0
1762303179372126797,99386.32,99386.32,-62.50,0.00,717.07,0
1762303180547065711,99386.32,99386.32,-62.50,0.00,717.07,0
1762303181556784499,99371.65,99384.15,-62.50,-12.50,731.74,1
1762303182585948939,99371.65,99384.15,-62.50,-12.50,731.74,1
1762303183652125471,99384.15,99384.15,-62.50,0.00,719.24,1
1762303184721406515,99384.15,99384.15,-62.50,0.00,719.24,1
1762303185748483003,99396.65,99384.15,-62.50,12.50,706.74,1
1762303186944756639,99371.65,99384.15,-62.50,-12.50,731.74,1
1762303187982048919,99384.15,99384.15,-62.50,0.00,719.24,1
1762303189012907051,99406.98,99406.98,-37.50,0.00,696.41,0
1762303190086729105,99406.98,99406.98,-37.50,0.00,696.41,0
1762303191123932533,99392.31,99404.81,-37.50,-12.50,711.08,1
1762303192152784757,99415.14,99415.14,-25.00,0.00,688.25,0
1762303193165945475,99415.14,99415.14,-25.00,0.00,688.25,0
1762303194168394765,99415.14,99415.14,-25.00,0.00,688.25,0
1762303195252680107,99415.14,99415.14,-25.00,0.00,688.25,0
1762303196317482551,99415.14,99415.14,-25.00,0.00,688.25,0
1762303197438403047,99415.14,99415.14,-25.00,0.00,688.25,0
1762303198629130303,99415.14,99415.14,-25.00,0.00,688.25,0
1762303199630019033,99415.14,99415.14,-25.00,0.00,688.25,0
1762303200691022687,99415.14,99415.14,-25.00,0.00,688.25,0
1762303201709368551,99415.14,99415.14,-25.00,0.00,688.25,0
1762303202741137883,99415.14,99415.14,-25.00,0.00,688.25,0
1762303203747518545,99412.97,99412.97,-25.00,0.00,690.42,1
1762303204821953373,99423.30,99423.30,-12.50,0.00,680.09,0
1762303205839208929,99423.30,99423.30,-12.50,0.00,680.09,0
1762303206850913989,99423.30,99423.30,-12.50,0.00,680.09,0
1762303207875492213,99423.30,99423.30,-12.50,0.00,680.09,0
1762303208909630917,99423.30,99423.30,-12.50,0.00,680.09,0
1762303209911697295,99423.30,99423.30,-12.50,0.00,680.09,0
1762303210949819553,99423.30,99423.30,-12.50,0.00,680.09,0
1762303212010627605,99423.30,99423.30,-12.50,0.00,680.09,0
1762303213011139817,99423.30,99423.30,-12.50,0.00,680.09,0
1762303214014486245,99423.30,99423.30,-12.50,0.00,680.09,0
1762303215033577593,99423.30,99423.30,-12.50,0.00,680.09,0
1762303216195870311,99423.30,99423.30,-12.50,0.00,680.09,0
1762303217230161837,99423.30,99423.30,-12.50,0.00,680.09,0
1762303218230171111,99423.30,99423.30,-12.50,0.00,680.09,0
1762303219296115001,99421.13,99421.13,-12.50,0.00,682.26,1
1762303220307197155,99421.13,99421.13,-12.50,0.00,682.26,1
1762303221363788583,99431.46,99431.46,0.00,0.00,671.93,0
1762303222395661431,99431.46,99431.46,0.00,0.00,671.93,0
1762303223451256907,99431.46,99431.46,0.00,0.00,671.93,0
1762303224454255605,99429.29,99429.29,0.00,0.00,674.10,1
1762303225488249317,99441.79,99429.29,0.00,12.50,661.60,1
1762303226493148095,99441.79,99429.29,0.00,12.50,661.60,1
1762303227549227039,99452.12,99452.12,25.00,0.00,651.27,0
1762303228601347179,99452.12,99452.12,25.00,0.00,651.27,0
1762303229717630223,99452.12,99452.12,25.00,0.00,651.27,0
1762303230722121961,99452.12,99452.12,25.00,0.00,651.27,0
1762303231740427435,99452.12,99452.12,25.00,0.00,651.27,0
1762303232742245343,99424.95,99449.95,25.00,-25.00,678.44,1
1762303233826705871,99449.95,99449.95,25.00,0.00,653.44,1
1762303234857131513,99437.45,99449.95,25.00,-12.50,665.94,1
1762303235985256737,99449.95,99449.95,25.00,0.00,653.44,1
1762303236987609611,99449.95,99449.95,25.00,0.00,653.44,1
1762303238083206851,99449.95,99449.95,25.00,0.00,653.44,1
1762303239145007201,99460.28,99460.28,37.50,0.00,643.11,0
1762303240273131527,99460.28,99460.28,37.50,0.00,643.11,0
1762303241355668577,99460.28,99460.28,37.50,0.00,643.11,0
1762303242456639669,99460.28,99460.28,37.50,0.00,643.11,0
1762303243558494021,99460.28,99460.28,37.50,0.00,643.11,0
1762303244661878363,99460.28,99460.28,37.50,0.00,643.11,0
1762303245715552851,99470.61,99458.11,37.50,12.50,632.78,1
1762303246743121057,99470.61,99458.11,37.50,12.50,632.78,1
1762303248001567105,99470.61,99458.11,37.50,12.50,632.78,1
1762303249049007125,99470.61,99458.11,37.50,12.50,632.78,1
1762303250062944231,99470.61,99458.11,37.50,12.50,632.78,1
1762303251063463927,99480.94,99480.94,62.50,0.00,622.45,0
1762303252172535333,99480.94,99480.94,62.50,0.00,622.45,0
1762303253210005123,99480.94,99480.94,62.50,0.00,622.45,0
1762303254210353659,99466.27,99478.77,62.50,-12.50,637.12,1
1762303255244348381,99466.27,99478.77,62.50,-12.50,637.12,1
1762303256252622395,99466.27,99478.77,62.50,-12.50,637.12,1
1762303257267039389,99466.27,99478.77,62.50,-12.50,637.12,1
1762303258281951299,99478.77,99478.77,62.50,0.00,624.62,1
1762303259573535427,99501.60,99501.60,87.50,0.00,601.79,0
1762303260582268701,99501.60,99501.60,87.50,0.00,601.79,0
1762303261610470757,99501.60,99501.60,87.50,0.00,601.79,0
1762303262696643229,99486.93,99499.43,87.50,-12.50,616.46,1
1762303263702735623,99474.43,99499.43,87.50,-25.00,628.96,1
1762303264755487647,99474.43,99499.43,87.50,-25.00,628.96,1
1762303265756529393,99474.43,99499.43,87.50,-25.00,628.96,1
1762303266772256577,99474.43,99499.43,87.50,-25.00,628.96,1
1762303267790043873,99474.43,99499.43,87.50,-25.00,628.96,1
1762303268830339311,99461.93,99499.43,87.50,-37.50,641.46,1
1762303269830631273,99461.93,99499.43,87.50,-37.50,641.46,1
1762303270929508189,99461.93,99499.43,87.50,-37.50,641.46,1
1762303271943034703,99449.43,99499.43,87.50,-50.00,653.96,1
1762303273264756275,99449.43,99499.43,87.50,-50.00,653.96,1
1762303274369379665,99436.93,99499.43,87.50,-62.50,666.46,1
1762303275447891653,99436.93,99499.43,87.50,-62.50,666.46,1
1762303276456157797,99436.93,99499.43,87.50,-62.50,666.46,1
1762303277628470747,99424.43,99499.43,87.50,-75.00,678.96,1
1762303278656233209,99424.43,99499.43,87.50,-75.00,678.96,1
1762303279682802919,99411.93,99499.43,87.50,-87.50,691.46,1
1762303280683581715,99424.43,99499.43,87.50,-75.00,678.96,1
1762303281687971259,99424.43,99499.43,87.50,-75.00,678.96,1
1762303282729979759,99434.76,99434.76,25.00,0.00,668.63,0
1762303283730466937,99434.76,99434.76,25.00,0.00,668.63,0
1762303284733785941,99434.76,99434.76,25.00,0.00,668.63,0
1762303285801880681,99434.76,99434.76,25.00,0.00,668.63,0
1762303287041083935,99434.76,99434.76,25.00,0.00,668.63,0
1762303288050189295,99420.09,99432.59,25.00,-12.50,683.30,1
1762303289083825725,99407.59,99432.59,25.00,-25.00,695.80,1
1762303290104347271,99432.59,99432.59,25.00,0.00,670.80,1
1762303291107220205,99442.92,99442.92,37.50,0.00,660.47,0
1762303292164304967,99442.92,99442.92,37.50,0.00,660.47,0
1762303293324755675,99442.92,99442.92,37.50,0.00,660.47,0
1762303294353215399,99442.92,99442.92,37.50,0.00,660.47,0
1762303295366298945,99442.92,99442.92,37.50,0.00,660.47,0
1762303296433880883,99442.92,99442.92,37.50,0.00,660.47,0
1762303297453227447,99442.92,99442.92,37.50,0.00,660.47,0
1762303298510139085,99442.92,99442.92,37.50,0.00,660.47,0
1762303299530474221,99442.92,99442.92,37.50,0.00,660.47,0
1762303300570156037,99442.92,99442.92,37.50,0.00,660.47,0
1762303301633028113,99442.92,99442.92,37.50,0.00,660.47,0
1762303302727756783,99442.92,99442.92,37.50,0.00,660.47,0
1762303303750239361,99442.92,99442.92,37.50,0.00,660.47,0
1762303304753270315,99440.75,99440.75,37.50,0.00,662.64,1
1762303305778103231,99453.25,99440.75,37.50,12.50,650.14,1
1762303306787298221,99463.58,99463.58,62.50,0.00,639.81,0
1762303307818961213,99463.58,99463.58,62.50,0.00,639.81,0
1762303308828950603,99448.91,99461.41,62.50,-12.50,654.48,1
1762303310041506509,99448.91,99461.41,62.50,-12.50,654.48,1
1762303311043699545,99436.41,99461.41,62.50,-25.00,666.98,1
1762303312047414417,99448.91,99461.41,62.50,-12.50,654.48,1
1762303313136622825,99448.91,99461.41,62.50,-12.50,654.48,1
1762303314166943069,99436.41,99461.41,62.50,-25.00,666.98,1
1762303315174391781,99436.41,99461.41,62.50,-25.00,666.98,1
1762303316225793039,99436.41,99461.41,62.50,-25.00,666.98,1
1762303317234396237,99436.41,99461.41,62.50,-25.00,666.98,1
1762303318394880251,99436.41,99461.41,62.50,-25.00,666.98,1
1762303319415875969,99436.41,99461.41,62.50,-25.00,666.98,1
1762303320449636375,99448.91,99461.41,62.50,-12.50,654.48,1
1762303321457566267,99423.91,99461.41,62.50,-37.50,679.48,1
1762303322523948261,99411.41,99461.41,62.50,-50.00,691.98,1
1762303323527016711,99446.74,99446.74,50.00,0.00,656.65,0
1762303324572362543,99446.74,99446.74,50.00,0.00,656.65,0
1762303325648176569,99446.74,99446.74,50.00,0.00,656.65,0
1762303326648329973,99446.74,99446.74,50.00,0.00,656.65,0
1762303327681082019,99446.74,99446.74,50.00,0.00,656.65,0
1762303328743350561,99457.07,99444.57,50.00,12.50,646.32,1
1762303329752764539,99457.07,99444.57,50.00,12.50,646.32,1
1762303330790856523,99469.57,99444.57,50.00,25.00,633.82,1
1762303331791872395,99444.57,99444.57,50.00,0.00,658.82,1
1762303332964718435,99444.57,99444.57,50.00,0.00,658.82,1
1762303334000007043,99444.57,99444.57,50.00,0.00,658.82,1
1762303335190167709,99444.57,99444.57,50.00,0.00,658.82,1
1762303336206350689,99457.07,99444.57,50.00,12.50,646.32,1
1762303337210411015,99457.07,99444.57,50.00,12.50,646.32,1
1762303338210420545,99457.07,99444.57,50.00,12.50,646.32,1
1762303339224511027,99467.40,99467.40,75.00,0.00,635.99,0
1762303340238858589,99467.40,99467.40,75.00,0.00,635.99,0
1762303341350675263,99467.40,99467.40,75.00,0.00,635.99,0
1762303342354916567,99467.40,99467.40,75.00,0.00,635.99,0
1762303343459510427,99467.40,99467.40,75.00,0.00,635.99,0
1762303344493755505,99465.23,99465.23,75.00,0.00,638.16,1
1762303345495589671,99452.73,99465.23,75.00,-12.50,650.66,1
1762303346496830927,99452.73,99465.23,75.00,-12.50,650.66,1
1762303347530691245,99452.73,99465.23,75.00,-12.50,650.66,1
1762303348663820099,99463.06,99463.06,75.00,0.00,640.33,0
1762303349721241141,99463.06,99463.06,75.00,0.00,640.33,0
1762303350940824221,99460.89,99460.89,75.00,0.00,642.50,1
1762303352011896173,99473.39,99460.89,75.00,12.50,630.00,1
1762303353014578291,99460.89,99460.89,75.00,0.00,642.50,1
1762303354162879413,99460.89,99460.89,75.00,0.00,642.50,1
1762303355790537325,99460.89,99460.89,75.00,0.00,642.50,1
1762303356798133759,99460.89,99460.89,75.00,0.00,642.50,1
1762303358041823919,99460.89,99460.89,75.00,0.00,642.50,1
1762303359185881033,99448.39,99460.89,75.00,-12.50,655.00,1
1762303360189387837,99448.39,99460.89,75.00,-12.50,655.00,1
1762303361312048757,99460.89,99460.89,75.00,0.00,642.50,1
1762303362564270361,99460.89,99460.89,75.00,0.00,642.50,1
1762303363589951791,99448.39,99460.89,75.00,-12.50,655.00,1
1762303364666570861,99448.39,99460.89,75.00,-12.50,655.00,1
1762303365727280857,99448.39,99460.89,75.00,-12.50,655.00,1
1762303366753556581,99460.89,99460.89,75.00,0.00,642.50,1
1762303367962180733,99460.89,99460.89,75.00,0.00,642.50,1
1762303369089129687,99473.39,99460.89,75.00,12.50,630.00,1
1762303370107239151,99483.72,99483.72,100.00,0.00,619.67,0
1762303371114662109,99483.72,99483.72,100.00,0.00,619.67,0
1762303372118542771,99483.72,99483.72,100.00,0.00,619.67,0
1762303373352078627,99483.72,99483.72,100.00,0.00,619.67,0
1762303374430564847,99483.72,99483.72,100.00,0.00,619.67,0
1762303375430751477,99483.72,99483.72,100.00,0.00,619.67,0
1762303376430817883,99483.72,99483.72,100.00,0.00,619.67,0
1762303377439006349,99469.05,99481.55,100.00,-12.50,634.34,1
1762303378494391485,99469.05,99481.55,100.00,-12.50,634.34,1
1762303379523141219,99469.05,99481.55,100.00,-12.50,634.34,1
1762303380534520031,99469.05,99481.55,100.00,-12.50,634.34,1
1762303381707138301,99481.55,99481.55,100.00,0.00,621.84,1
1762303382763669359,99491.88,99491.88,112.50,0.00,611.51,0
1762303383827528161,99491.88,99491.88,112.50,0.00,611.51,0
1762303384850590833,99491.88,99491.88,112.50,0.00,611.51,0
1762303385850600381,99477.21,99489.71,112.50,-12.50,626.18,1
1762303386850607073,99477.21,99489.71,112.50,-12.50,626.18,1
1762303387994256789,99477.21,99489.71,112.50,-12.50,626.18,1
1762303389082879025,99477.21,99489.71,112.50,-12.50,626.18,1
1762303390089523749,99489.71,99489.71,112.50,0.00,613.68,1
1762303391235522905,99489.71,99489.71,112.50,0.00,613.68,1
1762303392353657989,99489.71,99489.71,112.50,0.00,613.68,1
1762303393450629673,99489.71,99489.71,112.50,0.00,613.68,1
1762303394562381385,99502.21,99489.71,112.50,12.50,601.18,1
1762303395791184445,99512.54,99512.54,137.50,0.00,590.85,0
1762303396926073733,99512.54,99512.54,137.50,0.00,590.85,0
1762303397930907333,99512.54,99512.54,137.50,0.00,590.85,0
1762303398937100159,99512.54,99512.54,137.50,0.00,590.85,0
1762303399978130541,99512.54,99512.54,137.50,0.00,590.85,0
1762303401073740995,99512.54,99512.54,137.50,0.00,590.85,0
1762303402673005695,99510.37,99510.37,137.50,0.00,593.02,1
1762303403722885331,99497.87,99510.37,137.50,-12.50,605.52,1
1762303404747693635,99485.37,99510.37,137.50,-25.00,618.02,1
1762303405753015603,99497.87,99510.37,137.50,-12.50,605.52,1
1762303406820005197,99508.20,99508.20,137.50,0.00,595.19,0
1762303407904686455,99508.20,99508.20,137.50,0.00,595.19,0
1762303408910154805,99508.20,99508.20,137.50,0.00,595.19,0
1762303409955369723,99508.20,99508.20,137.50,0.00,595.19,0
1762303410957391923,99508.20,99508.20,137.50,0.00,595.19,0
1762303412050734661,99508.20,99508.20,137.50,0.00,595.19,0
1762303413212321233,99508.20,99508.20,137.50,0.00,595.19,0
1762303414238714371,99508.20,99508.20,137.50,0.00,595.19,0
1762303415250526749,99508.20,99508.20,137.50,0.00,595.19,0
1762303416298351459,99518.53,99506.03,137.50,12.50,584.86,1
1762303417347632843,99518.53,99506.03,137.50,12.50,584.86,1
1762303418351853257,99518.53,99506.03,137.50,12.50,584.86,1
1762303419384918557,99531.03,99506.03,137.50,25.00,572.36,1
1762303420488406161,99531.03,99506.03,137.50,25.00,572.36,1
1762303421553599063,99543.53,99506.03,137.50,37.50,559.86,1
1762303422608370321,99553.86,99553.86,187.50,0.00,549.53,0
1762303423638385305,99553.86,99553.86,187.50,0.00,549.53,0
1762303424653865995,99553.86,99553.86,187.50,0.00,549.53,0
1762303425671412795,99553.86,99553.86,187.50,0.00,549.53,0
1762303426840387913,99553.86,99553.86,187.50,0.00,549.53,0
1762303427895712975,99553.86,99553.86,187.50,0.00,549.53,0
1762303428961005647,99553.86,99553.86,187.50,0.00,549.53,0
1762303429986945599,99553.86,99553.86,187.50,0.00,549.53,0
1762303431001487583,99553.86,99553.86,187.50,0.00,549.53,0
1762303432053841019,99553.86,99553.86,187.50,0.00,549.53,0
1762303433118323423,99553.86,99553.86,187.50,0.00,549.53,0
1762303434176881585,99551.69,99551.69,187.50,0.00,551.70,1
1762303435321198085,99551.69,99551.69,187.50,0.00,551.70,1
1762303436475311511,99564.19,99551.69,187.50,12.50,539.20,1
1762303437611881823,99564.19,99551.69,187.50,12.50,539.20,1
1762303438619256031,99587.02,99587.02,225.00,0.00,516.37,0
1762303439626555997,99587.02,99587.02,225.00,0.00,516.37,0
1762303440716012313,99587.02,99587.02,225.00,0.00,516.37,0
1762303441720371843,99587.02,99587.02,225.00,0.00,516.37,0
1762303442791197749,99587.02,99587.02,225.00,0.00,516.37,0
1762303443810730237,99572.35,99584.85,225.00,-12.50,531.04,1
1762303444851735479,99547.35,99584.85,225.00,-37.50,556.04,1
1762303445932439745,99547.35,99584.85,225.00,-37.50,556.04,1
1762303447007857683,99547.35,99584.85,225.00,-37.50,556.04,1
1762303448011252523,99559.85,99584.85,225.00,-25.00,543.54,1
1762303449013205239,99534.85,99584.85,225.00,-50.00,568.54,1
1762303450022256135,99534.85,99584.85,225.00,-50.00,568.54,1
1762303451050907117,99534.85,99584.85,225.00,-50.00,568.54,1
1762303452215604347,99534.85,99584.85,225.00,-50.00,568.54,1
1762303453234245853,99547.35,99584.85,225.00,-37.50,556.04,1
1762303454459506663,99547.35,99584.85,225.00,-37.50,556.04,1
1762303455466706087,99547.35,99584.85,225.00,-37.50,556.04,1
1762303456527870963,99547.35,99584.85,225.00,-37.50,556.04,1
1762303457831526805,99547.35,99584.85,225.00,-37.50,556.04,1
1762303459048631267,99547.35,99584.85,225.00,-37.50,556.04,1
1762303460051005877,99559.85,99584.85,225.00,-25.00,543.54,1
1762303461053958961,99570.18,99570.18,212.50,0.00,533.21,0
1762303462199688805,99570.18,99570.18,212.50,0.00,533.21,0
1762303463261731681,99570.18,99570.18,212.50,0.00,533.21,0
1762303464437630633,99570.18,99570.18,212.50,0.00,533.21,0
1762303465440381091,99570.18,99570.18,212.50,0.00,533.21,0
1762303466453983317,99568.01,99568.01,212.50,0.00,535.38,1
1762303467517790681,99580.51,99568.01,212.50,12.50,522.88,1
1762303468547983753,99580.51,99568.01,212.50,12.50,522.88,1
1762303469654035401,99568.01,99568.01,212.50,0.00,535.38,1
1762303470879450667,99580.51,99568.01,212.50,12.50,522.88,1
1762303471884079271,99590.84,99590.84,237.50,0.00,512.55,0
1762303472910849291,99590.84,99590.84,237.50,0.00,512.55,0
1762303473952200877,99590.84,99590.84,237.50,0.00,512.55,0
1762303475054033275,99590.84,99590.84,237.50,0.00,512.55,0
1762303476064141097,99590.84,99590.84,237.50,0.00,512.55,0
1762303477285537825,99590.84,99590.84,237.50,0.00,512.55,0
1762303478299384491,99590.84,99590.84,237.50,0.00,512.55,0
1762303479439157915,99590.84,99590.84,237.50,0.00,512.55,0
1762303480640647941,99590.84,99590.84,237.50,0.00,512.55,0
1762303481641420251,99590.84,99590.84,237.50,0.00,512.55,0
1762303482799166589,99590.84,99590.84,237.50,0.00,512.55,0
1762303483806935463,99590.84,99590.84,237.50,0.00,512.55,0
1762303484842167429,99590.84,99590.84,237.50,0.00,512.55,0
1762303485877322097,99590.84,99590.84,237.50,0.00,512.55,0
1762303486920230089,99590.84,99590.84,237.50,0.00,512.55,0
1762303488084643141,99590.84,99590.84,237.50,0.00,512.55,0
1762303489108454199,99590.84,99590.84,237.50,0.00,512.55,0
1762303490127978433,99590.84,99590.84,237.50,0.00,512.55,0
1762303491133563657,99590.84,99590.84,237.50,0.00,512.55,0
1762303492219537395,99590.84,99590.84,237.50,0.00,512.55,0
1762303493288347939,99590.84,99590.84,237.50,0.00,512.55,0
1762303494333948663,99590.84,99590.84,237.50,0.00,512.55,0
1762303495408740571,99590.84,99590.84,237.50,0.00,512.55,0
1762303496434973323,99590.84,99590.84,237.50,0.00,512.55,0
1762303497440037215,99590.84,99590.84,237.50,0.00,512.55,0
1762303498454132463,99590.84,99590.84,237.50,0.00,512.55,0
1762303499569643945,99590.84,99590.84,237.50,0.00,512.55,0
1762303500582122065,99590.84,99590.84,237.50,0.00,512.55,0
1762303501585012159,99576.17,99588.67,237.50,-12.50,527.22,1
1762303502610973223,99576.17,99588.67,237.50,-12.50,527.22,1
1762303503755207253,99588.67,99588.67,237.50,0.00,514.72,1
1762303504841843313,99588.67,99588.67,237.50,0.00,514.72,1
1762303505860095293,99588.67,99588.67,237.50,0.00,514.72,1
1762303506931432229,99576.17,99588.67,237.50,-12.50,527.22,1
1762303508039131521,99588.67,99588.67,237.50,0.00,514.72,1
1762303509192633815,99588.67,99588.67,237.50,0.00,514.72,1
1762303510211101757,99576.17,99588.67,237.50,-12.50,527.22,1
1762303511456857087,99601.17,99588.67,237.50,12.50,502.22,1
1762303512471709845,99588.67,99588.67,237.50,0.00,514.72,1
1762303513532764461,99588.67,99588.67,237.50,0.00,514.72,1
1762303514581127605,99611.50,99611.50,262.50,0.00,491.89,0
1762303515610257177,99611.50,99611.50,262.50,0.00,491.89,0
1762303516702807733,99611.50,99611.50,262.50,0.00,491.89,0
1762303518220690711,99611.50,99611.50,262.50,0.00,491.89,0
1762303519220755895,99611.50,99611.50,262.50,0.00,491.89,0
1762303520229903497,99611.50,99611.50,262.50,0.00,491.89,0
1762303521230663843,99611.50,99611.50,262.50,0.00,491.89,0
1762303522245326347,99611.50,99611.50,262.50,0.00,491.89,0
1762303523288890199,99611.50,99611.50,262.50,0.00,491.89,0
1762303524311270513,99611.50,99611.50,262.50,0.00,491.89,0
1762303525313381375,99611.50,99611.50,262.50,0.00,491.89,0
1762303526316381351,99611.50,99611.50,262.50,0.00,491.89,0
1762303527498257565,99611.50,99611.50,262.50,0.00,491.89,0
1762303528603348613,99611.50,99611.50,262.50,0.00,491.89,0
1762303529607101781,99611.50,99611.50,262.50,0.00,491.89,0
1762303530654287025,99611.50,99611.50,262.50,0.00,491.89,0
1762303531683950637,99611.50,99611.50,262.50,0.00,491.89,0
1762303532890599909,99609.33,99609.33,262.50,0.00,494.06,1
1762303533895357437,99619.66,99619.66,275.00,0.00,483.73,0
1762303535071001189,99619.66,99619.66,275.00,0.00,483.73,0
1762303536168630265,99619.66,99619.66,275.00,0.00,483.73,0
1762303537304450397,99619.66,99619.66,275.00,0.00,483.73,0
1762303538310552689,99619.66,99619.66,275.00,0.00,483.73,0
1762303539331726363,99619.66,99619.66,275.00,0.00,483.73,0
1762303540399193839,99619.66,99619.66,275.00,0.00,483.73,0
1762303541399225109,99619.66,99619.66,275.00,0.00,483.73,0
1762303542562006155,99619.66,99619.66,275.00,0.00,483.73,0
1762303543577145241,99619.66,99619.66,275.00,0.00,483.73,0
1762303544785155745,99619.66,99619.66,275.00,0.00,483.73,0
1762303545796271725,99619.66,99619.66,275.00,0.00,483.73,0
1762303546800006911,99619.66,99619.66,275.00,0.00,483.73,0
1762303547819349917,99619.66,99619.66,275.00,0.00,483.73,0
1762303548822495287,99619.66,99619.66,275.00,0.00,483.73,0
1762303549860948973,99604.99,99617.49,275.00,-12.50,498.40,1
1762303550918614529,99604.99,99617.49,275.00,-12.50,498.40,1
1762303551931640571,99592.49,99617.49,275.00,-25.00,510.90,1
1762303552944533079,99604.99,99617.49,275.00,-12.50,498.40,1
1762303554135829873,99579.99,99617.49,275.00,-37.50,523.40,1
1762303555302642931,99579.99,99617.49,275.00,-37.50,523.40,1
1762303556590979763,99579.99,99617.49,275.00,-37.50,523.40,1
1762303557747804963,99579.99,99617.49,275.00,-37.50,523.40,1
1762303558780142507,99567.49,99617.49,275.00,-50.00,535.90,1
1762303559789054645,99590.32,99590.32,250.00,0.00,513.07,0
1762303560790976181,99590.32,99590.32,250.00,0.00,513.07,0
1762303561907959409,99590.32,99590.32,250.00,0.00,513.07,0
1762303562910263991,99575.65,99588.15,250.00,-12.50,527.74,1
1762303564046745297,99588.15,99588.15,250.00,0.00,515.24,1
1762303565210089931,99588.15,99588.15,250.00,0.00,515.24,1
1762303566213732983,99550.65,99588.15,250.00,-37.50,552.74,1
1762303567284850347,99550.65,99588.15,250.00,-37.50,552.74,1
1762303568318075357,99563.15,99588.15,250.00,-25.00,540.24,1
1762303569354426765,99573.48,99573.48,237.50,0.00,529.91,0
1762303570360895713,99573.48,99573.48,237.50,0.00,529.91,0
1762303571361744971,99573.48,99573.48,237.50,0.00,529.91,0
1762303572451399423,99573.48,99573.48,237.50,0.00,529.91,0
1762303573461658387,99571.31,99571.31,237.50,0.00,532.08,1
1762303574479538425,99558.81,99571.31,237.50,-12.50,544.58,1
1762303575502110019,99558.81,99571.31,237.50,-12.50,544.58,1
1762303576521473033,99558.81,99571.31,237.50,-12.50,544.58,1
1762303577540421591,99558.81,99571.31,237.50,-12.50,544.58,1
1762303578625896719,99546.31,99571.31,237.50,-25.00,557.08,1
1762303579644380893,99546.31,99571.31,237.50,-25.00,557.08,1
1762303580647630559,99521.31,99571.31,237.50,-50.00,582.08,1
1762303581663910281,99533.81,99571.31,237.50,-37.50,569.58,1
1762303583065936119,99521.31,99571.31,237.50,-50.00,582.08,1
1762303584068358289,99546.31,99571.31,237.50,-25.00,557.08,1
1762303585118075965,99558.81,99571.31,237.50,-12.50,544.58,1
1762303586156896133,99569.14,99569.14,237.50,0.00,534.25,0
1762303587161348385,99554.47,99566.97,237.50,-12.50,548.92,1
1762303588182653615,99554.47,99566.97,237.50,-12.50,548.92,1
1762303589190398737,99541.97,99566.97,237.50,-25.00,561.42,1
1762303590199255859,99529.47,99566.97,237.50,-37.50,573.92,1
1762303591202255813,99541.97,99566.97,237.50,-25.00,561.42,1
1762303592314413819,99516.97,99566.97,237.50,-50.00,586.42,1
1762303593332532935,99541.97,99566.97,237.50,-25.00,561.42,1
1762303594354541433,99541.97,99566.97,237.50,-25.00,561.42,1
1762303595356145971,99541.97,99566.97,237.50,-25.00,561.42,1
1762303596405076501,99529.47,99566.97,237.50,-37.50,573.92,1
1762303597407061477,99529.47,99566.97,237.50,-37.50,573.92,1
1762303598408130059,99529.47,99566.97,237.50,-37.50,573.92,1
1762303599431854069,99541.97,99566.97,237.50,-25.00,561.42,1
1762303600431872363,99564.80,99564.80,237.50,0.00,538.59,0
1762303601484528269,99564.80,99564.80,237.50,0.00,538.59,0
1762303602502307091,99564.80,99564.80,237.50,0.00,538.59,0
1762303603779193633,99564.80,99564.80,237.50,0.00,538.59,0
1762303604811392457,99564.80,99564.80,237.50,0.00,538.59,0
1762303606286481621,99564.80,99564.80,237.50,0.00,538.59,0
1762303607298379669,99564.80,99564.80,237.50,0.00,538.59,0
1762303608405765871,99564.80,99564.80,237.50,0.00,538.59,0
1762303609454617815,99564.80,99564.80,237.50,0.00,538.59,0
1762303610492344155,99564.80,99564.80,237.50,0.00,538.59,0
1762303611571843591,99564.80,99564.80,237.50,0.00,538.59,0
1762303612714130069,99564.80,99564.80,237.50,0.00,538.59,0
1762303613793067225,99564.80,99564.80,237.50,0.00,538.59,0
1762303614818304573,99564.80,99564.80,237.50,0.00,538.59,0
1762303615839521223,99564.80,99564.80,237.50,0.00,538.59,0
1762303616901624757,99564.80,99564.80,237.50,0.00,538.59,0
1762303617911458209,99564.80,99564.80,237.50,0.00,538.59,0
1762303618912851015,99564.80,99564.80,237.50,0.00,538.59,0
1762303619946798563,99564.80,99564.80,237.50,0.00,538.59,0
1762303621013362459,99564.80,99564.80,237.50,0.00,538.59,0
1762303622118599425,99564.80,99564.80,237.50,0.00,538.59,0
1762303623136706689,99564.80,99564.80,237.50,0.00,538.59,0
1762303624515535907,99562.63,99562.63,237.50,0.00,540.76,1
1762303625516181481,99562.63,99562.63,237.50,0.00,540.76,1
1762303626538271183,99550.13,99562.63,237.50,-12.50,553.26,1
1762303628256482989,99550.13,99562.63,237.50,-12.50,553.26,1
1762303629269902221,99562.63,99562.63,237.50,0.00,540.76,1
1762303630291505573,99585.46,99585.46,262.50,0.00,517.93,0
1762303631328182393,99585.46,99585.46,262.50,0.00,517.93,0
1762303632376591587,99585.46,99585.46,262.50,0.00,517.93,0
1762303633557781187,99585.46,99585.46,262.50,0.00,517.93,0
1762303634603670285,99585.46,99585.46,262.50,0.00,517.93,0
1762303635650870063,99585.46,99585.46,262.50,0.00,517.93,0
1762303636721169737,99595.79,99583.29,262.50,12.50,507.60,1
1762303637725351655,99583.29,99583.29,262.50,0.00,520.10,1
1762303638739658725,99583.29,99583.29,262.50,0.00,520.10,1
1762303639794967507,99583.29,99583.29,262.50,0.00,520.10,1
1762303640832072877,99583.29,99583.29,262.50,0.00,520.10,1
1762303641949830519,99583.29,99583.29,262.50,0.00,520.10,1
1762303643117609171,99583.29,99583.29,262.50,0.00,520.10,1
1762303644149439861,99558.29,99583.29,262.50,-25.00,545.10,1
1762303645190668727,99570.79,99583.29,262.50,-12.50,532.60,1
1762303646223949927,99581.12,99581.12,262.50,0.00,522.27,0
1762303647325326979,99581.12,99581.12,262.50,0.00,522.27,0
1762303648334195357,99581.12,99581.12,262.50,0.00,522.27,0
1762303649411320207,99581.12,99581.12,262.50,0.00,522.27,0
1762303650444168713,99566.45,99578.95,262.50,-12.50,536.94,1
1762303651502630259,99578.95,99578.95,262.50,0.00,524.44,1
1762303652631256249,99578.95,99578.95,262.50,0.00,524.44,1
1762303653632133543,99566.45,99578.95,262.50,-12.50,536.94,1
1762303654711698587,99589.28,99589.28,275.00,0.00,514.11,0
1762303655759843753,99589.28,99589.28,275.00,0.00,514.11,0
1762303657324823823,99589.28,99589.28,275.00,0.00,514.11,0
1762303658354850825,99589.28,99589.28,275.00,0.00,514.11,0
1762303659466198319,99589.28,99589.28,275.00,0.00,514.11,0
1762303660576249007,99589.28,99589.28,275.00,0.00,514.11,0
1762303661599391379,99589.28,99589.28,275.00,0.00,514.11,0
1762303662610468647,99589.28,99589.28,275.00,0.00,514.11,0
1762303663833778001,99589.28,99589.28,275.00,0.00,514.11,0
1762303665076050301,99589.28,99589.28,275.00,0.00,514.11,0
1762303666119082785,99587.11,99587.11,275.00,0.00,516.28,1
1762303667139950419,99599.61,99587.11,275.00,12.50,503.78,1
1762303668152556145,99599.61,99587.11,275.00,12.50,503.78,1
1762303669211750851,99609.94,99609.94,300.00,0.00,493.45,0
1762303670255880481,99609.94,99609.94,300.00,0.00,493.45,0
1762303671463342961,99609.94,99609.94,300.00,0.00,493.45,0
1762303672481930515,99609.94,99609.94,300.00,0.00,493.45,0
1762303673598261009,99609.94,99609.94,300.00,0.00,493.45,0
1762303674790463009,99609.94,99609.94,300.00,0.00,493.45,0
1762303675812591817,99609.94,99609.94,300.00,0.00,493.45,0
1762303676814392321,99609.94,99609.94,300.00,0.00,493.45,0
1762303677848400651,99609.94,99609.94,300.00,0.00,493.45,0
1762303678850930241,99609.94,99609.94,300.00,0.00,493.45,0
1762303679853028151,99609.94,99609.94,300.00,0.00,493.45,0
1762303680934713265,99607.77,99607.77,300.00,0.00,495.62,1
1762303681958111987,99582.77,99607.77,300.00,-25.00,520.62,1
1762303683156851247,99570.27,99607.77,300.00,-37.50,533.12,1
1762303684189903395,99570.27,99607.77,300.00,-37.50,533.12,1
1762303685203348667,99557.77,99607.77,300.00,-50.00,545.62,1
1762303686232354891,99557.77,99607.77,300.00,-50.00,545.62,1
1762303687254989011,99557.77,99607.77,300.00,-50.00,545.62,1
1762303688354982091,99557.77,99607.77,300.00,-50.00,545.62,1
1762303689404586745,99570.27,99607.77,300.00,-37.50,533.12,1
1762303690411740665,99557.77,99607.77,300.00,-50.00,545.62,1
1762303691422157257,99557.77,99607.77,300.00,-50.00,545.62,1
1762303692434508351,99557.77,99607.77,300.00,-50.00,545.62,1
1762303693455002417,99557.77,99607.77,300.00,-50.00,545.62,1
1762303694511760225,99557.77,99607.77,300.00,-50.00,545.62,1
1762303695611763271,99570.27,99607.77,300.00,-37.50,533.12,1
1762303696748420355,99570.27,99607.77,300.00,-37.50,533.12,1
1762303698474118245,99570.27,99607.77,300.00,-37.50,533.12,1
1762303699491118677,99570.27,99607.77,300.00,-37.50,533.12,1
1762303700568755629,99570.27,99607.77,300.00,-37.50,533.12,1
1762303701596505265,99557.77,99607.77,300.00,-50.00,545.62,1
1762303702854034589,99557.77,99607.77,300.00,-50.00,545.62,1
1762303703880589093,99557.77,99607.77,300.00,-50.00,545.62,1
1762303704881006285,99557.77,99607.77,300.00,-50.00,545.62,1
1762303705921483915,99545.27,99607.77,300.00,-62.50,558.12,1
1762303707032388863,99532.77,99607.77,300.00,-75.00,570.62,1
1762303708032393467,99532.77,99607.77,300.00,-75.00,570.62,1
1762303709034520213,99520.27,99607.77,300.00,-87.50,583.12,1
1762303710039718343,99545.27,99607.77,300.00,-62.50,558.12,1
1762303711124881079,99545.27,99607.77,300.00,-62.50,558.12,1
1762303712253506107,99545.27,99607.77,300.00,-62.50,558.12,1
1762303713336277755,99557.77,99607.77,300.00,-50.00,545.62,1
1762303714340807557,99545.27,99607.77,300.00,-62.50,558.12,1
1762303715387881917,99557.77,99607.77,300.00,-50.00,545.62,1
1762303716541256727,99557.77,99607.77,300.00,-50.00,545.62,1
1762303717543360195,99568.10,99568.10,262.50,0.00,535.29,0
1762303718976225375,99568.10,99568.10,262.50,0.00,535.29,0
1762303720115666575,99568.10,99568.10,262.50,0.00,535.29,0
1762303721123347869,99568.10,99568.10,262.50,0.00,535.29,0
1762303722125563125,99568.10,99568.10,262.50,0.00,535.29,0
1762303723155176323,99568.10,99568.10,262.50,0.00,535.29,0
1762303724361806189,99568.10,99568.10,262.50,0.00,535.29,0
1762303725511882073,99568.10,99568.10,262.50,0.00,535.29,0
1762303726577730965,99568.10,99568.10,262.50,0.00,535.29,0
1762303728092564417,99568.10,99568.10,262.50,0.00,535.29,0
1762303729219388743,99568.10,99568.10,262.50,0.00,535.29,0
1762303730455506543,99568.10,99568.10,262.50,0.00,535.29,0
1762303731563736851,99568.10,99568.10,262.50,0.00,535.29,0
1762303732611906479,99568.10,99568.10,262.50,0.00,535.29,0
1762303733665255891,99568.10,99568.10,262.50,0.00,535.29,0
1762303734917279035,99568.10,99568.10,262.50,0.00,535.29,0
1762303736107325807,99568.10,99568.10,262.50,0.00,535.29,0
1762303737170115419,99568.10,99568.10,262.50,0.00,535.29,0
1762303738203005013,99568.10,99568.10,262.50,0.00,535.29,0
1762303739505489483,99568.10,99568.10,262.50,0.00,535.29,0
1762303740543986791,99568.10,99568.10,262.50,0.00,535.29,0
1762303741557090927,99553.43,99565.93,262.50,-12.50,549.96,1
1762303742614246465,99553.43,99565.93,262.50,-12.50,549.96,1
1762303743619507001,99565.93,99565.93,262.50,0.00,537.46,1
1762303744641991787,99565.93,99565.93,262.50,0.00,537.46,1
1762303745662675407,99565.93,99565.93,262.50,0.00,537.46,1
1762303747243611609,99565.93,99565.93,262.50,0.00,537.46,1
1762303748566199525,99565.93,99565.93,262.50,0.00,537.46,1
1762303749803412351,99565.93,99565.93,262.50,0.00,537.46,1
1762303750804194433,99540.93,99565.93,262.50,-25.00,562.46,1
1762303751855265629,99540.93,99565.93,262.50,-25.00,562.46,1
1762303752864038515,99540.93,99565.93,262.50,-25.00,562.46,1
1762303754155308493,99563.76,99563.76,262.50,0.00,539.63,0
1762303755267652737,99563.76,99563.76,262.50,0.00,539.63,0
1762303756355288073,99563.76,99563.76,262.50,0.00,539.63,0
1762303757590757799,99563.76,99563.76,262.50,0.00,539.63,0
1762303758839083023,99563.76,99563.76,262.50,0.00,539.63,0
1762303759853908461,99563.76,99563.76,262.50,0.00,539.63,0
1762303760874730235,99563.76,99563.76,262.50,0.00,539.63,0
1762303762448631023,99563.76,99563.76,262.50,0.00,539.63,0
1762303763505513017,99563.76,99563.76,262.50,0.00,539.63,0
1762303764556519205,99549.09,99561.59,262.50,-12.50,554.30,1
1762303765607130189,99561.59,99561.59,262.50,0.00,541.80,1
1762303766612041139,99574.09,99561.59,262.50,12.50,529.30,1
1762303767612044981,99561.59,99561.59,262.50,0.00,541.80,1
1762303768612047671,99561.59,99561.59,262.50,0.00,541.80,1
1762303769650213287,99561.59,99561.59,262.50,0.00,541.80,1
1762303770678977789,99549.09,99561.59,262.50,-12.50,554.30,1
1762303771732351543,99549.09,99561.59,262.50,-12.50,554.30,1
1762303772924000143,99561.59,99561.59,262.50,0.00,541.80,1
1762303774100400063,99549.09,99561.59,262.50,-12.50,554.30,1
1762303775108754927,99549.09,99561.59,262.50,-12.50,554.30,1
1762303776482607121,99549.09,99561.59,262.50,-12.50,554.30,1
1762303777493813145,99549.09,99561.59,262.50,-12.50,554.30,1
1762303778594192633,99561.59,99561.59,262.50,0.00,541.80,1
1762303779612093553,99574.09,99561.59,262.50,12.50,529.30,1
1762303780613832957,99561.59,99561.59,262.50,0.00,541.80,1
1762303781646604565,99561.59,99561.59,262.50,0.00,541.80,1
1762303782705631505,99561.59,99561.59,262.50,0.00,541.80,1
1762303784207578475,99561.59,99561.59,262.50,0.00,541.80,1
1762303785264131017,99561.59,99561.59,262.50,0.00,541.80,1
1762303786323334803,99561.59,99561.59,262.50,0.00,541.80,1
1762303787564985051,99561.59,99561.59,262.50,0.00,541.80,1
1762303788580869609,99561.59,99561.59,262.50,0.00,541.80,1
1762303789588897511,99574.09,99561.59,262.50,12.50,529.30,1
1762303790605380723,99574.09,99561.59,262.50,12.50,529.30,1
1762303791685995141,99584.42,99584.42,287.50,0.00,518.97,0
1762303792712230603,99582.25,99582.25,287.50,0.00,521.14,1
1762303793920867167,99582.25,99582.25,287.50,0.00,521.14,1
1762303794932783959,99582.25,99582.25,287.50,0.00,521.14,1
1762303795991313305,99582.25,99582.25,287.50,0.00,521.14,1
1762303797016312711,99605.08,99605.08,312.50,0.00,498.31,0
1762303798151224083,99605.08,99605.08,312.50,0.00,498.31,0
1762303799230130663,99605.08,99605.08,312.50,0.00,498.31,0
1762303800232879247,99605.08,99605.08,312.50,0.00,498.31,0
1762303801237410915,99605.08,99605.08,312.50,0.00,498.31,0
1762303803003317961,99605.08,99605.08,312.50,0.00,498.31,0
1762303804097924591,99605.08,99605.08,312.50,0.00,498.31,0
1762303805155784129,99605.08,99605.08,312.50,0.00,498.31,0
1762303806159236631,99605.08,99605.08,312.50,0.00,498.31,0
1762303807190147791,99605.08,99605.08,312.50,0.00,498.31,0
1762303808260004341,99605.08,99605.08,312.50,0.00,498.31,0
1762303809269348625,99590.41,99602.91,312.50,-12.50,512.98,1
1762303810423407071,99590.41,99602.91,312.50,-12.50,512.98,1
1762303811474315533,99590.41,99602.91,312.50,-12.50,512.98,1
1762303812506348943,99602.91,99602.91,312.50,0.00,500.48,1
1762303813555932263,99602.91,99602.91,312.50,0.00,500.48,1
1762303814645423831,99613.24,99613.24,325.00,0.00,490.15,0
1762303815668724891,99598.57,99611.07,325.00,-12.50,504.82,1
1762303816732929821,99621.40,99621.40,337.50,0.00,481.99,0
1762303817735347721,99619.23,99619.23,337.50,0.00,484.16,1
1762303818739623469,99629.56,99629.56,350.00,0.00,473.83,0
1762303819782781481,99629.56,99629.56,350.00,0.00,473.83,0
1762303821032847475,99629.56,99629.56,350.00,0.00,473.83,0
1762303822045881643,99589.89,99627.39,350.00,-37.50,513.50,1
1762303823149547241,99602.39,99627.39,350.00,-25.00,501.00,1
1762303824152688737,99602.39,99627.39,350.00,-25.00,501.00,1
1762303825206312129,99602.39,99627.39,350.00,-25.00,501.00,1
1762303826273055393,99625.22,99625.22,350.00,0.00,478.17,0
1762303827340058539,99625.22,99625.22,350.00,0.00,478.17,0
1762303828545325207,99625.22,99625.22,350.00,0.00,478.17,0
1762303829547659843,99625.22,99625.22,350.00,0.00,478.17,0
1762303830566528213,99625.22,99625.22,350.00,0.00,478.17,0
1762303831578179531,99625.22,99625.22,350.00,0.00,478.17,0
1762303832601756749,99625.22,99625.22,350.00,0.00,478.17,0
1762303833689500963,99625.22,99625.22,350.00,0.00,478.17,0
1762303834767969065,99625.22,99625.22,350.00,0.00,478.17,0
1762303835772541087,99610.55,99623.05,350.00,-12.50,492.84,1
1762303836784266361,99598.05,99623.05,350.00,-25.00,505.34,1
1762303837835499369,99598.05,99623.05,350.00,-25.00,505.34,1
1762303838870006471,99598.05,99623.05,350.00,-25.00,505.34,1
1762303839896349671,99610.55,99623.05,350.00,-12.50,492.84,1
1762303840901160381,99598.05,99623.05,350.00,-25.00,505.34,1
1762303841943303919,99598.05,99623.05,350.00,-25.00,505.34,1
1762303842955676837,99610.55,99623.05,350.00,-12.50,492.84,1
1762303844158082371,99585.55,99623.05,350.00,-37.50,517.84,1
1762303845171082045,99573.05,99623.05,350.00,-50.00,530.34,1
1762303846171196801,99560.55,99623.05,350.00,-62.50,542.84,1
1762303847188824789,99560.55,99623.05,350.00,-62.50,542.84,1
1762303848239129111,99560.55,99623.05,350.00,-62.50,542.84,1
1762303849300523303,99560.55,99623.05,350.00,-62.50,542.84,1
1762303850341185077,99560.55,99623.05,350.00,-62.50,542.84,1
1762303851364349993,99560.55,99623.05,350.00,-62.50,542.84,1
1762303852505995497,99560.55,99623.05,350.00,-62.50,542.84,1
1762303853555727963,99560.55,99623.05,350.00,-62.50,542.84,1
1762303854560262743,99560.55,99623.05,350.00,-62.50,542.84,1
1762303855563055465,99560.55,99623.05,350.00,-62.50,542.84,1
1762303856680197975,99560.55,99623.05,350.00,-62.50,542.84,1
1762303857684761905,99583.38,99583.38,312.50,0.00,520.01,0
1762303858696067851,99583.38,99583.38,312.50,0.00,520.01,0
1762303859705255571,99581.21,99581.21,312.50,0.00,522.18,1
1762303860709095335,99604.04,99604.04,337.50,0.00,499.35,0
1762303861794706525,99604.04,99604.04,337.50,0.00,499.35,0
1762303862812416771,99601.87,99601.87,337.50,0.00,501.52,1
1762303863897477185,99612.20,99612.20,350.00,0.00,491.19,0
1762303864920634607,99612.20,99612.20,350.00,0.00,491.19,0
1762303865921754585,99612.20,99612.20,350.00,0.00,491.19,0
1762303867012435243,99612.20,99612.20,350.00,0.00,491.19,0
1762303868012437505,99612.20,99612.20,350.00,0.00,491.19,0
1762303869012452827,99612.20,99612.20,350.00,0.00,491.19,0
1762303870114645587,99612.20,99612.20,350.00,0.00,491.19,0
1762303871212545357,99612.20,99612.20,350.00,0.00,491.19,0
1762303872265255715,99597.53,99610.03,350.00,-12.50,505.86,1
1762303873271064905,99597.53,99610.03,350.00,-12.50,505.86,1
1762303874274220253,99585.03,99610.03,350.00,-25.00,518.36,1
1762303875303938319,99585.03,99610.03,350.00,-25.00,518.36,1
1762303876304048705,99595.36,99595.36,337.50,0.00,508.03,0
1762303877308089987,99605.69,99593.19,337.50,12.50,497.70,1
1762303878425096059,99605.69,99593.19,337.50,12.50,497.70,1
1762303879550119107,99605.69,99593.19,337.50,12.50,497.70,1
1762303880563632825,99605.69,99593.19,337.50,12.50,497.70,1
1762303881583029331,99593.19,99593.19,337.50,0.00,510.20,1
1762303883060265011,99593.19,99593.19,337.50,0.00,510.20,1
1762303884199249459,99593.19,99593.19,337.50,0.00,510.20,1
1762303885256914529,99593.19,99593.19,337.50,0.00,510.20,1
1762303886259951531,99580.69,99593.19,337.50,-12.50,522.70,1
1762303887292752517,99580.69,99593.19,337.50,-12.50,522.70,1
1762303888314968625,99580.69,99593.19,337.50,-12.50,522.70,1
1762303889391763163,99580.69,99593.19,337.50,-12.50,522.70,1
1762303890404104927,99568.19,99593.19,337.50,-25.00,535.20,1
1762303891439348227,99593.19,99593.19,337.50,0.00,510.20,1
1762303892488286459,99593.19,99593.19,337.50,0.00,510.20,1
1762303893488326305,99603.52,99603.52,350.00,0.00,499.87,0
1762303894489339843,99603.52,99603.52,350.00,0.00,499.87,0
1762303895555924285,99603.52,99603.52,350.00,0.00,499.87,0
1762303896569446417,99603.52,99603.52,350.00,0.00,499.87,0
1762303897637131097,99603.52,99603.52,350.00,0.00,499.87,0
1762303898671060443,99603.52,99603.52,350.00,0.00,499.87,0
1762303899755953285,99603.52,99603.52,350.00,0.00,499.87,0
1762303900771380461,99603.52,99603.52,350.00,0.00,499.87,0
1762303901787513447,99603.52,99603.52,350.00,0.00,499.87,0
1762303902814504507,99603.52,99603.52,350.00,0.00,499.87,0
1762303903855084309,99603.52,99603.52,350.00,0.00,499.87,0
1762303904855971605,99588.85,99601.35,350.00,-12.50,514.54,1
1762303905860630485,99601.35,99601.35,350.00,0.00,502.04,1
1762303906905506255,99588.85,99601.35,350.00,-12.50,514.54,1
1762303907909352193,99576.35,99601.35,350.00,-25.00,527.04,1
1762303908912395951,99588.85,99601.35,350.00,-12.50,514.54,1
1762303909914904395,99576.35,99601.35,350.00,-25.00,527.04,1
1762303910956003485,99576.35,99601.35,350.00,-25.00,527.04,1
1762303912025923135,99551.35,99601.35,350.00,-50.00,552.04,1
1762303913030256139,99538.85,99601.35,350.00,-62.50,564.54,1
1762303914033349509,99526.35,99601.35,350.00,-75.00,577.04,1
1762303915120475875,99538.85,99601.35,350.00,-62.50,564.54,1
1762303916126747503,99549.18,99549.18,300.00,0.00,554.21,0
1762303917133361931,99549.18,99549.18,300.00,0.00,554.21,0
1762303918140345367,99549.18,99549.18,300.00,0.00,554.21,0
1762303919256064037,99549.18,99549.18,300.00,0.00,554.21,0
1762303920261927783,99549.18,99549.18,300.00,0.00,554.21,0
1762303921263349777,99549.18,99549.18,300.00,0.00,554.21,0
1762303922353059387,99549.18,99549.18,300.00,0.00,554.21,0
1762303923353062715,99547.01,99547.01,300.00,0.00,556.38,1
1762303924695569227,99547.01,99547.01,300.00,0.00,556.38,1
1762303925717880635,99559.51,99547.01,300.00,12.50,543.88,1
1762303926720506169,99569.84,99569.84,325.00,0.00,533.55,0
1762303927843205273,99569.84,99569.84,325.00,0.00,533.55,0
1762303928852998063,99569.84,99569.84,325.00,0.00,533.55,0
1762303929891006469,99569.84,99569.84,325.00,0.00,533.55,0
1762303930908956543,99569.84,99569.84,325.00,0.00,533.55,0
1762303932026987045,99569.84,99569.84,325.00,0.00,533.55,0
1762303933030233713,99569.84,99569.84,325.00,0.00,533.55,0
1762303934061598937,99569.84,99569.84,325.00,0.00,533.55,0
1762303935235224025,99569.84,99569.84,325.00,0.00,533.55,0
1762303936259340451,99569.84,99569.84,325.00,0.00,533.55,0
1762303937273755855,99569.84,99569.84,325.00,0.00,533.55,0
1762303938422742111,99569.84,99569.84,325.00,0.00,533.55,0
1762303939496373033,99569.84,99569.84,325.00,0.00,533.55,0
1762303940758882129,99569.84,99569.84,325.00,0.00,533.55,0
1762303941837629757,99569.84,99569.84,325.00,0.00,533.55,0
1762303942865199955,99569.84,99569.84,325.00,0.00,533.55,0
1762303943999778641,99569.84,99569.84,325.00,0.00,533.55,0
1762303945075714059,99569.84,99569.84,325.00,0.00,533.55,0
1762303946078701923,99565.50,99565.50,325.00,0.00,537.89,0
1762303947080011551,99565.50,99565.50,325.00,0.00,537.89,0
1762303948105631791,99565.50,99565.50,325.00,0.00,537.89,0
1762303949265729995,99565.50,99565.50,325.00,0.00,537.89,0
1762303950344324325,99565.50,99565.50,325.00,0.00,537.89,0
1762303951356175761,99550.83,99563.33,325.00,-12.50,552.56,1
1762303952386878615,99550.83,99563.33,325.00,-12.50,552.56,1
1762303953418139647,99563.33,99563.33,325.00,0.00,540.06,1
1762303954713989879,99563.33,99563.33,325.00,0.00,540.06,1
1762303955804129937,99563.33,99563.33,325.00,0.00,540.06,1
1762303956845017119,99586.16,99586.16,350.00,0.00,517.23,0
1762303958086006113,99586.16,99586.16,350.00,0.00,517.23,0
1762303959214505675,99586.16,99586.16,350.00,0.00,517.23,0
1762303960218388647,99586.16,99586.16,350.00,0.00,517.23,0
1762303961220755615,99586.16,99586.16,350.00,0.00,517.23,0
1762303962358278797,99583.99,99583.99,350.00,0.00,519.40,1
1762303963384170147,99583.99,99583.99,350.00,0.00,519.40,1
1762303964401111277,99571.49,99583.99,350.00,-12.50,531.90,1
1762303965493632469,99571.49,99583.99,350.00,-12.50,531.90,1
1762303966503730157,99571.49,99583.99,350.00,-12.50,531.90,1
1762303967693500439,99571.49,99583.99,350.00,-12.50,531.90,1
1762303968993880021,99571.49,99583.99,350.00,-12.50,531.90,1
1762303970056270611,99581.82,99581.82,350.00,0.00,521.57,0
1762303971150755167,99581.82,99581.82,350.00,0.00,521.57,0
1762303972192089015,99581.82,99581.82,350.00,0.00,521.57,0
1762303973257434661,99581.82,99581.82,350.00,0.00,521.57,0
1762303974258460935,99581.82,99581.82,350.00,0.00,521.57,0
1762303975325084309,99581.82,99581.82,350.00,0.00,521.57,0
1762303976365630703,99581.82,99581.82,350.00,0.00,521.57,0
1762303977392206945,99581.82,99581.82,350.00,0.00,521.57,0
1762303978396620107,99581.82,99581.82,350.00,0.00,521.57,0
1762303979419902031,99581.82,99581.82,350.00,0.00,521.57,0
1762303980420745629,99581.82,99581.82,350.00,0.00,521.57,0
1762303981430506851,99581.82,99581.82,350.00,0.00,521.57,0
1762303982522911663,99567.15,99579.65,350.00,-12.50,536.24,1
1762303983678287803,99567.15,99579.65,350.00,-12.50,536.24,1
1762303984692148527,99554.65,99579.65,350.00,-25.00,548.74,1
1762303985763981099,99567.15,99579.65,350.00,-12.50,536.24,1
1762303986841031913,99567.15,99579.65,350.00,-12.50,536.24,1
1762303987929935249,99567.15,99579.65,350.00,-12.50,536.24,1
1762303988933679019,99589.98,99589.98,362.50,0.00,513.41,0
1762303989933694345,99575.31,99587.81,362.50,-12.50,528.08,1
1762303991012856861,99587.81,99587.81,362.50,0.00,515.58,1
1762303992035347101,99575.31,99587.81,362.50,-12.50,528.08,1
1762303993136273985,99575.31,99587.81,362.50,-12.50,528.08,1
1762303994355380451,99587.81,99587.81,362.50,0.00,515.58,1
1762303995567212675,99587.81,99587.81,362.50,0.00,515.58,1
1762303996711652079,99600.31,99587.81,362.50,12.50,503.08,1
1762303997858585031,99575.31,99587.81,362.50,-12.50,528.08,1
1762303999540624381,99575.31,99587.81,362.50,-12.50,528.08,1
1762304000559408833,99575.31,99587.81,362.50,-12.50,528.08,1
1762304001609427639,99575.31,99587.81,362.50,-12.50,528.08,1
1762304002682836237,99575.31,99587.81,362.50,-12.50,528.08,1
1762304003688106419,99575.31,99587.81,362.50,-12.50,528.08,1
1762304005110667417,99587.81,99587.81,362.50,0.00,515.58,1
1762304006135426633,99575.31,99587.81,362.50,-12.50,528.08,1
1762304007156456013,99575.31,99587.81,362.50,-12.50,528.08,1
1762304008177351751,99575.31,99587.81,362.50,-12.50,528.08,1
1762304009192281177,99575.31,99587.81,362.50,-12.50,528.08,1
1762304010257419957,99585.64,99585.64,362.50,0.00,517.75,0
1762304011290337037,99585.64,99585.64,362.50,0.00,517.75,0
1762304012309414369,99585.64,99585.64,362.50,0.00,517.75,0
1762304013360837841,99585.64,99585.64,362.50,0.00,517.75,0
1762304014412696307,99585.64,99585.64,362.50,0.00,517.75,0
1762304015455971493,99585.64,99585.64,362.50,0.00,517.75,0
1762304016487195409,99585.64,99585.64,362.50,0.00,517.75,0
1762304017507051469,99585.64,99585.64,362.50,0.00,517.75,0
1762304018564130641,99585.64,99585.64,362.50,0.00,517.75,0
1762304019717630089,99585.64,99585.64,362.50,0.00,517.75,0
1762304020738144485,99585.64,99585.64,362.50,0.00,517.75,0
1762304022171998405,99585.64,99585.64,362.50,0.00,517.75,0
1762304023348441557,99585.64,99585.64,362.50,0.00,517.75,0
1762304024686430569,99585.64,99585.64,362.50,0.00,517.75,0
1762304025778884653,99585.64,99585.64,362.50,0.00,517.75,0
1762304026788254705,99585.64,99585.64,362.50,0.00,517.75,0
1762304027793544705,99570.97,99583.47,362.50,-12.50,532.42,1
1762304028844631545,99570.97,99583.47,362.50,-12.50,532.42,1
1762304029935268325,99570.97,99583.47,362.50,-12.50,532.42,1
1762304031156562437,99583.47,99583.47,362.50,0.00,519.92,1
1762304032262833529,99583.47,99583.47,362.50,0.00,519.92,1
1762304033284492179,99593.80,99593.80,375.00,0.00,509.59,0
1762304034364703265,99593.80,99593.80,375.00,0.00,509.59,0
1762304035389631155,99593.80,99593.80,375.00,0.00,509.59,0
1762304036517506203,99593.80,99593.80,375.00,0.00,509.59,0
1762304038281368297,99593.80,99593.80,375.00,0.00,509.59,0
1762304039353672995,99593.80,99593.80,375.00,0.00,509.59,0
1762304040354225555,99593.80,99593.80,375.00,0.00,509.59,0
1762304041437553369,99593.80,99593.80,375.00,0.00,509.59,0
1762304042483856715,99593.80,99593.80,375.00,0.00,509.59,0
1762304043553612539,99593.80,99593.80,375.00,0.00,509.59,0
1762304044559038947,99593.80,99593.80,375.00,0.00,509.59,0
1762304045653596575,99593.80,99593.80,375.00,0.00,509.59,0
1762304046753598579,99593.80,99593.80,375.00,0.00,509.59,0
1762304047804023533,99593.80,99593.80,375.00,0.00,509.59,0
1762304048805967047,99593.80,99593.80,375.00,0.00,509.59,0
1762304049935487491,99593.80,99593.80,375.00,0.00,509.59,0
1762304050942554137,99593.80,99593.80,375.00,0.00,509.59,0
1762304051962506491,99593.80,99593.80,375.00,0.00,509.59,0
1762304052990213415,99593.80,99593.80,375.00,0.00,509.59,0
1762304054000895725,99593.80,99593.80,375.00,0.00,509.59,0
1762304055010664115,99593.80,99593.80,375.00,0.00,509.59,0
1762304056017511599,99593.80,99593.80,375.00,0.00,509.59,0
1762304057256643771,99593.80,99593.80,375.00,0.00,509.59,0
1762304058491715353,99593.80,99593.80,375.00,0.00,509.59,0
1762304059510693269,99593.80,99593.80,375.00,0.00,509.59,0
1762304060532675925,99593.80,99593.80,375.00,0.00,509.59,0
1762304061589507431,99593.80,99593.80,375.00,0.00,509.59,0
1762304062642631137,99593.80,99593.80,375.00,0.00,509.59,0
1762304063655750489,99593.80,99593.80,375.00,0.00,509.59,0
1762304064877362639,99593.80,99593.80,375.00,0.00,509.59,0
1762304065918757929,99593.80,99593.80,375.00,0.00,509.59,0
1762304066994504481,99593.80,99593.80,375.00,0.00,509.59,0
1762304068001224297,99593.80,99593.80,375.00,0.00,509.59,0
1762304069039300113,99593.80,99593.80,375.00,0.00,509.59,0
1762304070078918703,99593.80,99593.80,375.00,0.00,509.59,0
1762304071085629495,99591.63,99591.63,375.00,0.00,511.76,1
1762304072342625095,99601.96,99601.96,387.50,0.00,501.43,0
1762304073434069219,99601.96,99601.96,387.50,0.00,501.43,0
1762304074508604185,99601.96,99601.96,387.50,0.00,501.43,0
1762304075743802195,99601.96,99601.96,387.50,0.00,501.43,0
1762304076758754895,99601.96,99601.96,387.50,0.00,501.43,0
1762304077760374795,99601.96,99601.96,387.50,0.00,501.43,0
1762304078763306019,99601.96,99601.96,387.50,0.00,501.43,0
1762304080097706709,99601.96,99601.96,387.50,0.00,501.43,0
1762304081456747117,99601.96,99601.96,387.50,0.00,501.43,0
1762304082472963181,99587.29,99599.79,387.50,-12.50,516.10,1
1762304083490931131,99587.29,99599.79,387.50,-12.50,516.10,1
1762304084556219025,99587.29,99599.79,387.50,-12.50,516.10,1
1762304085568123605,99587.29,99599.79,387.50,-12.50,516.10,1
1762304086580296319,99587.29,99599.79,387.50,-12.50,516.10,1
1762304087589713359,99587.29,99599.79,387.50,-12.50,516.10,1
1762304088614588731,99562.29,99599.79,387.50,-37.50,541.10,1
1762304089643818379,99562.29,99599.79,387.50,-37.50,541.10,1
1762304090656827913,99585.12,99585.12,375.00,0.00,518.27,0
1762304091677131819,99585.12,99585.12,375.00,0.00,518.27,0
1762304092772604487,99585.12,99585.12,375.00,0.00,518.27,0
1762304094151408831,99570.45,99582.95,375.00,-12.50,532.94,1
1762304095256813251,99582.95,99582.95,375.00,0.00,520.44,1
1762304096288881701,99570.45,99582.95,375.00,-12.50,532.94,1
1762304097488086109,99570.45,99582.95,375.00,-12.50,532.94,1
1762304098633254881,99570.45,99582.95,375.00,-12.50,532.94,1
1762304099679332557,99557.95,99582.95,375.00,-25.00,545.44,1
1762304100679385289,99557.95,99582.95,375.00,-25.00,545.44,1
1762304101706381443,99557.95,99582.95,375.00,-25.00,545.44,1
1762304102749529539,99530.78,99580.78,375.00,-50.00,572.61,1
1762304103800916011,99480.78,99580.78,375.00,-100.00,622.61,1
1762304104851324305,99526.44,99526.44,325.00,0.00,576.95,0
1762304105905501931,99526.44,99526.44,325.00,0.00,576.95,0
1762304106980638353,99526.44,99526.44,325.00,0.00,576.95,0
1762304107980871225,99526.44,99526.44,325.00,0.00,576.95,0
1762304109041570813,99524.27,99524.27,325.00,0.00,579.12,1
1762304110066625199,99536.77,99524.27,325.00,12.50,566.62,1
1762304111066699831,99536.77,99524.27,325.00,12.50,566.62,1
1762304112117893623,99547.10,99547.10,350.00,0.00,556.29,0
1762304113243956859,99547.10,99547.10,350.00,0.00,556.29,0
1762304114289817599,99547.10,99547.10,350.00,0.00,556.29,0
1762304115334272521,99547.10,99547.10,350.00,0.00,556.29,0
1762304116358392873,99567.76,99567.76,375.00,0.00,535.63,0
1762304117364107973,99567.76,99567.76,375.00,0.00,535.63,0
1762304118410967921,99567.76,99567.76,375.00,0.00,535.63,0
1762304119502819343,99567.76,99567.76,375.00,0.00,535.63,0
1762304120517417109,99565.59,99565.59,375.00,0.00,537.80,1
1762304121523098285,99578.09,99565.59,375.00,12.50,525.30,1
1762304122543191709,99578.09,99565.59,375.00,12.50,525.30,1
1762304123680155081,99588.42,99588.42,400.00,0.00,514.97,0
1762304124781712339,99588.42,99588.42,400.00,0.00,514.97,0
1762304126047459519,99588.42,99588.42,400.00,0.00,514.97,0
1762304127116673715,99588.42,99588.42,400.00,0.00,514.97,0
1762304128119487519,99588.42,99588.42,400.00,0.00,514.97,0
1762304129428183955,99588.42,99588.42,400.00,0.00,514.97,0
1762304130533297625,99588.42,99588.42,400.00,0.00,514.97,0
1762304131790860487,99588.42,99588.42,400.00,0.00,514.97,0
1762304132806965763,99588.42,99588.42,400.00,0.00,514.97,0
1762304133823749173,99588.42,99588.42,400.00,0.00,514.97,0
1762304134911167775,99588.42,99588.42,400.00,0.00,514.97,0
1762304135936052369,99588.42,99588.42,400.00,0.00,514.97,0
1762304137084798507,99588.42,99588.42,400.00,0.00,514.97,0
1762304138124006057,99588.42,99588.42,400.00,0.00,514.97,0
1762304139191662987,99588.42,99588.42,400.00,0.00,514.97,0
1762304140196324767,99588.42,99588.42,400.00,0.00,514.97,0
1762304141257034203,99588.42,99588.42,400.00,0.00,514.97,0
1762304142270445401,99588.42,99588.42,400.00,0.00,514.97,0
1762304143307899453,99588.42,99588.42,400.00,0.00,514.97,0
1762304144352507877,99588.42,99588.42,400.00,0.00,514.97,0
1762304145366386271,99588.42,99588.42,400.00,0.00,514.97,0
1762304146390010841,99588.42,99588.42,400.00,0.00,514.97,0
1762304147391410649,99588.42,99588.42,400.00,0.00,514.97,0
1762304148494115851,99588.42,99588.42,400.00,0.00,514.97,0
1762304149557071225,99588.42,99588.42,400.00,0.00,514.97,0
1762304150595756947,99588.42,99588.42,400.00,0.00,514.97,0
1762304151636570031,99588.42,99588.42,400.00,0.00,514.97,0
1762304152750237671,99586.25,99586.25,400.00,0.00,517.14,1
1762304153773243673,99586.25,99586.25,400.00,0.00,517.14,1
1762304155065810317,99573.75,99586.25,400.00,-12.50,529.64,1
1762304156073460493,99561.25,99586.25,400.00,-25.00,542.14,1
1762304157092978391,99561.25,99586.25,400.00,-25.00,542.14,1
1762304158157241361,99561.25,99586.25,400.00,-25.00,542.14,1
1762304159163987269,99536.25,99586.25,400.00,-50.00,567.14,1
1762304160176103551,99548.75,99586.25,400.00,-37.50,554.64,1
1762304161230394891,99536.25,99586.25,400.00,-50.00,567.14,1
1762304162249220313,99548.75,99586.25,400.00,-37.50,554.64,1
1762304163827722499,99548.75,99586.25,400.00,-37.50,554.64,1
1762304164937493565,99559.08,99559.08,375.00,0.00,544.31,0
1762304165975211531,99559.08,99559.08,375.00,0.00,544.31,0
1762304167167256029,99559.08,99559.08,375.00,0.00,544.31,0
1762304168188141383,99559.08,99559.08,375.00,0.00,544.31,0
1762304169558047131,99559.08,99559.08,375.00,0.00,544.31,0
1762304170631879061,99559.08,99559.08,375.00,0.00,544.31,0
1762304171814313277,99559.08,99559.08,375.00,0.00,544.31,0
1762304173000042331,99559.08,99559.08,375.00,0.00,544.31,0
1762304174013312871,99559.08,99559.08,375.00,0.00,544.31,0
1762304175075275195,99559.08,99559.08,375.00,0.00,544.31,0
1762304176093093157,99559.08,99559.08,375.00,0.00,544.31,0
1762304177189832469,99559.08,99559.08,375.00,0.00,544.31,0
1762304178206820605,99559.08,99559.08,375.00,0.00,544.31,0
1762304179234618421,99559.08,99559.08,375.00,0.00,544.31,0
1762304180553487157,99559.08,99559.08,375.00,0.00,544.31,0
1762304181947773953,99559.08,99559.08,375.00,0.00,544.31,0
1762304182993121197,99559.08,99559.08,375.00,0.00,544.31,0
1762304184050221571,99559.08,99559.08,375.00,0.00,544.31,0
1762304185060195061,99559.08,99559.08,375.00,0.00,544.31,0
1762304186131460547,99559.08,99559.08,375.00,0.00,544.31,0
1762304187226609283,99556.91,99556.91,375.00,0.00,546.48,1
1762304188276631405,99556.91,99556.91,375.00,0.00,546.48,1
1762304189286496569,99544.41,99556.91,375.00,-12.50,558.98,1
1762304190313071581,99556.91,99556.91,375.00,0.00,546.48,1
1762304191705448875,99556.91,99556.91,375.00,0.00,546.48,1
1762304192839541307,99544.41,99556.91,375.00,-12.50,558.98,1
1762304193842755671,99556.91,99556.91,375.00,0.00,546.48,1
1762304194900676915,99556.91,99556.91,375.00,0.00,546.48,1
1762304195970360535,99556.91,99556.91,375.00,0.00,546.48,1
1762304197101183565,99556.91,99556.91,375.00,0.00,546.48,1
1762304198165879351,99556.91,99556.91,375.00,0.00,546.48,1
1762304199383254267,99556.91,99556.91,375.00,0.00,546.48,1
1762304200646064705,99556.91,99556.91,375.00,0.00,546.48,1
1762304201649693191,99581.91,99556.91,375.00,25.00,521.48,1
1762304202692520689,99581.91,99556.91,375.00,25.00,521.48,1
1762304203766875801,99581.91,99556.91,375.00,25.00,521.48,1
1762304204799130661,99581.91,99556.91,375.00,25.00,521.48,1
1762304205892623759,99581.91,99556.91,375.00,25.00,521.48,1
1762304207181256511,99581.91,99556.91,375.00,25.00,521.48,1
1762304208232654159,99581.91,99556.91,375.00,25.00,521.48,1
1762304209249487245,99604.74,99604.74,425.00,0.00,498.65,0
1762304210254321087,99604.74,99604.74,425.00,0.00,498.65,0
1762304211254331043,99604.74,99604.74,425.00,0.00,498.65,0
1762304212471632169,99604.74,99604.74,425.00,0.00,498.65,0
1762304213624881103,99604.74,99604.74,425.00,0.00,498.65,0
1762304214758695181,99604.74,99604.74,425.00,0.00,498.65,0
1762304215850615383,99604.74,99604.74,425.00,0.00,498.65,0
1762304217208879463,99604.74,99604.74,425.00,0.00,498.65,0
1762304218254449043,99604.74,99604.74,425.00,0.00,498.65,0
1762304219255540923,99604.74,99604.74,425.00,0.00,498.65,0
1762304220564330587,99615.07,99602.57,425.00,12.50,488.32,1
1762304221684934305,99615.07,99602.57,425.00,12.50,488.32,1
1762304222699756211,99625.40,99625.40,450.00,0.00,477.99,0
1762304223754152987,99610.73,99623.23,450.00,-12.50,492.66,1
1762304224893355465,99610.73,99623.23,450.00,-12.50,492.66,1
1762304226015585663,99610.73,99623.23,450.00,-12.50,492.66,1
1762304227082323223,99610.73,99623.23,450.00,-12.50,492.66,1
1762304228166005297,99610.73,99623.23,450.00,-12.50,492.66,1
1762304229183305997,99610.73,99623.23,450.00,-12.50,492.66,1
1762304230593991795,99598.23,99623.23,450.00,-25.00,505.16,1
1762304231810144613,99610.73,99623.23,450.00,-12.50,492.66,1
1762304233354920283,99610.73,99623.23,450.00,-12.50,492.66,1
1762304234408484101,99610.73,99623.23,450.00,-12.50,492.66,1
1762304235447061107,99598.23,99623.23,450.00,-25.00,505.16,1
1762304236458903153,99598.23,99623.23,450.00,-25.00,505.16,1
1762304237618756841,99585.73,99623.23,450.00,-37.50,517.66,1
1762304238621756005,99585.73,99623.23,450.00,-37.50,517.66,1
1762304239624881365,99585.73,99623.23,450.00,-37.50,517.66,1
1762304240786346991,99585.73,99623.23,450.00,-37.50,517.66,1
1762304241893031389,99585.73,99623.23,450.00,-37.50,517.66,1
1762304242968156581,99585.73,99623.23,450.00,-37.50,517.66,1
1762304243976894397,99585.73,99623.23,450.00,-37.50,517.66,1
1762304245040756751,99573.23,99623.23,450.00,-50.00,530.16,1
1762304246113960115,99573.23,99623.23,450.00,-50.00,530.16,1
1762304247144353217,99573.23,99623.23,450.00,-50.00,530.16,1
1762304248158895749,99585.73,99623.23,450.00,-37.50,517.66,1
1762304249169810853,99598.23,99623.23,450.00,-25.00,505.16,1
1762304250298190773,99598.23,99623.23,450.00,-25.00,505.16,1
1762304251541657379,99598.23,99623.23,450.00,-25.00,505.16,1
1762304252591423617,99585.73,99623.23,450.00,-37.50,517.66,1
1762304253846646887,99585.73,99623.23,450.00,-37.50,517.66,1
1762304254914674693,99585.73,99623.23,450.00,-37.50,517.66,1
1762304255926357531,99585.73,99623.23,450.00,-37.50,517.66,1
1762304257314943959,99585.73,99623.23,450.00,-37.50,517.66,1
1762304258329016383,99598.23,99623.23,450.00,-25.00,505.16,1
1762304259356014437,99585.73,99623.23,450.00,-37.50,517.66,1
1762304260357984875,99585.73,99623.23,450.00,-37.50,517.66,1
1762304261414019383,99585.73,99623.23,450.00,-37.50,517.66,1
1762304262449347643,99598.23,99623.23,450.00,-25.00,505.16,1
1762304263552839413,99598.23,99623.23,450.00,-25.00,505.16,1
1762304264558937271,99598.23,99623.23,450.00,-25.00,505.16,1
1762304265558938891,99598.23,99623.23,450.00,-25.00,505.16,1
1762304266658958431,99598.23,99623.23,450.00,-25.00,505.16,1
1762304267707833871,99608.56,99608.56,437.50,0.00,494.83,0
1762304268723995991,99608.56,99608.56,437.50,0.00,494.83,0
1762304269784494033,99608.56,99608.56,437.50,0.00,494.83,0
1762304270816746749,99608.56,99608.56,437.50,0.00,494.83,0
1762304272077927901,99608.56,99608.56,437.50,0.00,494.83,0
1762304273152256983,99608.56,99608.56,437.50,0.00,494.83,0
1762304274193916015,99608.56,99608.56,437.50,0.00,494.83,0
1762304275447100951,99608.56,99608.56,437.50,0.00,494.83,0
1762304276706380847,99608.56,99608.56,437.50,0.00,494.83,0
1762304277738534613,99608.56,99608.56,437.50,0.00,494.83,0
1762304278745729657,99608.56,99608.56,437.50,0.00,494.83,0
1762304279783233805,99608.56,99608.56,437.50,0.00,494.83,0
1762304280931244737,99608.56,99608.56,437.50,0.00,494.83,0
1762304282122506075,99608.56,99608.56,437.50,0.00,494.83,0
1762304283124757925,99593.89,99606.39,437.50,-12.50,509.50,1
1762304284142646777,99606.39,99606.39,437.50,0.00,497.00,1
1762304285275741029,99606.39,99606.39,437.50,0.00,497.00,1
1762304286411684971,99606.39,99606.39,437.50,0.00,497.00,1
1762304287588630399,99606.39,99606.39,437.50,0.00,497.00,1
1762304288591381713,99616.72,99616.72,450.00,0.00,486.67,0
1762304289959038741,99616.72,99616.72,450.00,0.00,486.67,0
1762304291414690521,99616.72,99616.72,450.00,0.00,486.67,0
1762304292559046649,99616.72,99616.72,450.00,0.00,486.67,0
1762304293638568271,99616.72,99616.72,450.00,0.00,486.67,0
1762304294649934571,99616.72,99616.72,450.00,0.00,486.67,0
1762304296127039555,99616.72,99616.72,450.00,0.00,486.67,0
1762304297154717499,99616.72,99616.72,450.00,0.00,486.67,0
1762304298269756127,99616.72,99616.72,450.00,0.00,486.67,0
1762304299288614547,99602.05,99614.55,450.00,-12.50,501.34,1
1762304300294024741,99602.05,99614.55,450.00,-12.50,501.34,1
1762304301311106637,99602.05,99614.55,450.00,-12.50,501.34,1
1762304302394351991,99602.05,99614.55,450.00,-12.50,501.34,1
1762304303509379907,99602.05,99614.55,450.00,-12.50,501.34,1
1762304304637256315,99589.55,99614.55,450.00,-25.00,513.84,1
1762304305640214617,99589.55,99614.55,450.00,-25.00,513.84,1
1762304306763798189,99577.05,99614.55,450.00,-37.50,526.34,1
1762304307946705499,99589.55,99614.55,450.00,-25.00,513.84,1
1762304309048726233,99589.55,99614.55,450.00,-25.00,513.84,1
1762304310073516773,99589.55,99614.55,450.00,-25.00,513.84,1
1762304311812972897,99589.55,99614.55,450.00,-25.00,513.84,1
1762304312814550019,99599.88,99599.88,437.50,0.00,503.51,0
1762304313867259169,99599.88,99599.88,437.50,0.00,503.51,0
1762304314871828725,99610.21,99597.71,437.50,12.50,493.18,1
1762304315888172933,99610.21,99597.71,437.50,12.50,493.18,1
1762304317015449869,99610.21,99597.71,437.50,12.50,493.18,1
1762304318049131717,99610.21,99597.71,437.50,12.50,493.18,1
1762304319061707755,99622.71,99597.71,437.50,25.00,480.68,1
1762304320462785465,99622.71,99597.71,437.50,25.00,480.68,1
1762304321468017549,99610.21,99597.71,437.50,12.50,493.18,1
1762304322555771081,99610.21,99597.71,437.50,12.50,493.18,1
1762304324139420711,99610.21,99597.71,437.50,12.50,493.18,1
1762304325163113629,99610.21,99597.71,437.50,12.50,493.18,1
1762304326321631233,99622.71,99597.71,437.50,25.00,480.68,1
1762304327426388243,99622.71,99597.71,437.50,25.00,480.68,1
1762304328434347763,99645.54,99645.54,487.50,0.00,457.85,0
1762304329969751849,99645.54,99645.54,487.50,0.00,457.85,0
1762304331008894911,99645.54,99645.54,487.50,0.00,457.85,0
1762304332632740011,99645.54,99645.54,487.50,0.00,457.85,0
1762304334268380991,99645.54,99645.54,487.50,0.00,457.85,0
1762304335291976683,99645.54,99645.54,487.50,0.00,457.85,0
1762304336335282787,99645.54,99645.54,487.50,0.00,457.85,0
1762304337339280343,99645.54,99645.54,487.50,0.00,457.85,0
1762304338348633327,99645.54,99645.54,487.50,0.00,457.85,0
1762304339382006361,99645.54,99645.54,487.50,0.00,457.85,0
1762304340406597327,99645.54,99645.54,487.50,0.00,457.85,0
1762304341413129589,99645.54,99645.54,487.50,0.00,457.85,0
1762304342550186767,99645.54,99645.54,487.50,0.00,457.85,0
1762304343582303753,99645.54,99645.54,487.50,0.00,457.85,0
1762304344617957911,99645.54,99645.54,487.50,0.00,457.85,0
1762304345643292915,99643.37,99643.37,487.50,0.00,460.02,1
1762304347061274643,99643.37,99643.37,487.50,0.00,460.02,1
1762304348089727575,99655.87,99643.37,487.50,12.50,447.52,1
1762304349128529755,99668.37,99643.37,487.50,25.00,435.02,1
1762304350143198443,99655.87,99643.37,487.50,12.50,447.52,1
1762304351312993757,99655.87,99643.37,487.50,12.50,447.52,1
1762304352443435875,99655.87,99643.37,487.50,12.50,447.52,1
1762304353462281529,99655.87,99643.37,487.50,12.50,447.52,1
1762304354462448441,99668.37,99643.37,487.50,25.00,435.02,1
1762304355469974811,99668.37,99643.37,487.50,25.00,435.02,1
1762304356494569327,99668.37,99643.37,487.50,25.00,435.02,1
1762304357494663379,99668.37,99643.37,487.50,25.00,435.02,1
1762304358538006829,99680.87,99643.37,487.50,37.50,422.52,1
1762304359566256399,99691.20,99691.20,537.50,0.00,412.19,0
1762304360764394097,99691.20,99691.20,537.50,0.00,412.19,0
1762304361790717325,99691.20,99691.20,537.50,0.00,412.19,0
1762304362794478775,99691.20,99691.20,537.50,0.00,412.19,0
1762304363841959195,99691.20,99691.20,537.50,0.00,412.19,0
1762304365009883733,99691.20,99691.20,537.50,0.00,412.19,0
1762304366347458081,99691.20,99691.20,537.50,0.00,412.19,0
1762304367363150683,99676.53,99689.03,537.50,-12.50,426.86,1
1762304368430466281,99699.36,99699.36,550.00,0.00,404.03,0
1762304369826990935,99699.36,99699.36,550.00,0.00,404.03,0
1762304370933536705,99699.36,99699.36,550.00,0.00,404.03,0
1762304372055416247,99699.36,99699.36,550.00,0.00,404.03,0
1762304373097092317,99699.36,99699.36,550.00,0.00,404.03,0
1762304374098355089,99699.36,99699.36,550.00,0.00,404.03,0
1762304375196195153,99699.36,99699.36,550.00,0.00,404.03,0
1762304376305412433,99699.36,99699.36,550.00,0.00,404.03,0
1762304377361103185,99699.36,99699.36,550.00,0.00,404.03,0
1762304378519152817,99699.36,99699.36,550.00,0.00,404.03,0
1762304379536123223,99699.36,99699.36,550.00,0.00,404.03,0
1762304380559461911,99699.36,99699.36,550.00,0.00,404.03,0
1762304381559478741,99699.36,99699.36,550.00,0.00,404.03,0
1762304382670643731,99699.36,99699.36,550.00,0.00,404.03,0
1762304383700613829,99699.36,99699.36,550.00,0.00,404.03,0
1762304384781486531,99699.36,99699.36,550.00,0.00,404.03,0
1762304386236897493,99699.36,99699.36,550.00,0.00,404.03,0
1762304387255563381,99699.36,99699.36,550.00,0.00,404.03,0
1762304388285185957,99699.36,99699.36,550.00,0.00,404.03,0
1762304389362673495,99699.36,99699.36,550.00,0.00,404.03,0
1762304390363656929,99699.36,99699.36,550.00,0.00,404.03,0
1762304391431806913,99699.36,99699.36,550.00,0.00,404.03,0
1762304392462327791,99699.36,99699.36,550.00,0.00,404.03,0
1762304393589005241,99699.36,99699.36,550.00,0.00,404.03,0
1762304394728607349,99699.36,99699.36,550.00,0.00,404.03,0
1762304395802609943,99699.36,99699.36,550.00,0.00,404.03,0
1762304396850202411,99699.36,99699.36,550.00,0.00,404.03,0
1762304397859527911,99699.36,99699.36,550.00,0.00,404.03,0
1762304398859550619,99699.36,99699.36,550.00,0.00,404.03,0
1762304399899000017,99684.69,99697.19,550.00,-12.50,418.70,1
1762304400918775065,99707.52,99707.52,562.50,0.00,395.87,0
1762304402126139063,99707.52,99707.52,562.50,0.00,395.87,0
1762304403130925835,99707.52,99707.52,562.50,0.00,395.87,0
1762304404150018569,99730.35,99705.35,562.50,25.00,373.04,1
1762304405183453649,99705.35,99705.35,562.50,0.00,398.04,1
1762304406266882005,99705.35,99705.35,562.50,0.00,398.04,1
1762304407303232961,99728.18,99728.18,587.50,0.00,375.21,0
1762304408303662987,99728.18,99728.18,587.50,0.00,375.21,0
1762304409307505455,99728.18,99728.18,587.50,0.00,375.21,0
1762304410344053355,99728.18,99728.18,587.50,0.00,375.21,0
1762304411542294581,99726.01,99726.01,587.50,0.00,377.38,1
1762304412549198507,99721.67,99734.17,600.00,-12.50,381.72,1
1762304413577181741,99744.50,99744.50,612.50,0.00,358.89,0
1762304414578185715,99744.50,99744.50,612.50,0.00,358.89,0
1762304415594656359,99742.33,99742.33,612.50,0.00,361.06,1
1762304416615425863,99752.66,99752.66,625.00,0.00,350.73,0
1762304417652776889,99752.66,99752.66,625.00,0.00,350.73,0
1762304418659814083,99752.66,99752.66,625.00,0.00,350.73,0
1762304419699165365,99752.66,99752.66,625.00,0.00,350.73,0
1762304420699241925,99750.49,99750.49,625.00,0.00,352.90,1
1762304421701110979,99737.99,99750.49,625.00,-12.50,365.40,1
1762304422711402831,99737.99,99750.49,625.00,-12.50,365.40,1
1762304423749471489,99725.49,99750.49,625.00,-25.00,377.90,1
1762304424749802123,99725.49,99750.49,625.00,-25.00,377.90,1
1762304425793349843,99735.82,99735.82,612.50,0.00,367.57,0
1762304426794946821,99735.82,99735.82,612.50,0.00,367.57,0
1762304427794956467,99735.82,99735.82,612.50,0.00,367.57,0
1762304429005052357,99735.82,99735.82,612.50,0.00,367.57,0
1762304430005908281,99735.82,99735.82,612.50,0.00,367.57,0
1762304431007168275,99735.82,99735.82,612.50,0.00,367.57,0
1762304432018347991,99735.82,99735.82,612.50,0.00,367.57,0
1762304433024901863,99735.82,99735.82,612.50,0.00,367.57,0
1762304434028591643,99721.15,99733.65,612.50,-12.50,382.24,1
1762304435091003493,99743.98,99743.98,625.00,0.00,359.41,0
1762304436151483475,99743.98,99743.98,625.00,0.00,359.41,0
1762304437351238165,99743.98,99743.98,625.00,0.00,359.41,0
1762304438415756909,99743.98,99743.98,625.00,0.00,359.41,0
1762304439436479615,99743.98,99743.98,625.00,0.00,359.41,0
1762304440459085183,99743.98,99743.98,625.00,0.00,359.41,0
1762304441459869811,99741.81,99741.81,625.00,0.00,361.58,1
1762304442476349707,99752.14,99752.14,637.50,0.00,351.25,0
1762304443489493969,99752.14,99752.14,637.50,0.00,351.25,0
1762304444517964531,99752.14,99752.14,637.50,0.00,351.25,0
1762304445612432027,99752.14,99752.14,637.50,0.00,351.25,0
1762304446616357369,99752.14,99752.14,637.50,0.00,351.25,0
1762304447635323327,99749.97,99749.97,637.50,0.00,353.42,1
1762304448644007619,99737.47,99749.97,637.50,-12.50,365.92,1
1762304449644231433,99737.47,99749.97,637.50,-12.50,365.92,1
1762304450674132947,99737.47,99749.97,637.50,-12.50,365.92,1
1762304451777508607,99749.97,99749.97,637.50,0.00,353.42,1
1762304452804750517,99737.47,99749.97,637.50,-12.50,365.92,1
1762304453835380521,99737.47,99749.97,637.50,-12.50,365.92,1
1762304454842543893,99737.47,99749.97,637.50,-12.50,365.92,1
1762304455901721249,99762.47,99749.97,637.50,12.50,340.92,1
1762304456905867067,99772.80,99772.80,662.50,0.00,330.59,0
1762304457992186305,99772.80,99772.80,662.50,0.00,330.59,0
1762304459046518155,99772.80,99772.80,662.50,0.00,330.59,0
1762304460070373423,99772.80,99772.80,662.50,0.00,330.59,0
1762304461200949567,99772.80,99772.80,662.50,0.00,330.59,0
1762304462252531933,99772.80,99772.80,662.50,0.00,330.59,0
1762304463314030875,99772.80,99772.80,662.50,0.00,330.59,0
1762304464337693621,99772.80,99772.80,662.50,0.00,330.59,0
1762304465434194783,99772.80,99772.80,662.50,0.00,330.59,0
1762304466439206063,99772.80,99772.80,662.50,0.00,330.59,0
1762304467518976023,99772.80,99772.80,662.50,0.00,330.59,0
1762304468521029421,99772.80,99772.80,662.50,0.00,330.59,0
1762304469585708335,99772.80,99772.80,662.50,0.00,330.59,0
1762304470601406417,99772.80,99772.80,662.50,0.00,330.59,0
1762304471643092651,99772.80,99772.80,662.50,0.00,330.59,0
1762304472649912859,99772.80,99772.80,662.50,0.00,330.59,0
1762304473649990797,99772.80,99772.80,662.50,0.00,330.59,0
1762304474658259857,99772.80,99772.80,662.50,0.00,330.59,0
1762304475660141439,99772.80,99772.80,662.50,0.00,330.59,0
1762304476661127645,99772.80,99772.80,662.50,0.00,330.59,0
1762304477666218995,99772.80,99772.80,662.50,0.00,330.59,0
1762304478688455567,99755.96,99755.96,650.00,0.00,347.43,0
1762304479716057051,99755.96,99755.96,650.00,0.00,347.43,0
1762304480759060681,99755.96,99755.96,650.00,0.00,347.43,0
1762304481794514587,99755.96,99755.96,650.00,0.00,347.43,0
1762304482795048027,99753.79,99753.79,650.00,0.00,349.60,1
1762304483829756057,99753.79,99753.79,650.00,0.00,349.60,1
1762304484856195263,99741.29,99753.79,650.00,-12.50,362.10,1
1762304485954817915,99741.29,99753.79,650.00,-12.50,362.10,1
1762304486954843311,99766.29,99753.79,650.00,12.50,337.10,1
1762304487973637511,99741.29,99753.79,650.00,-12.50,362.10,1
1762304488973718221,99741.29,99753.79,650.00,-12.50,362.10,1
1762304490043685599,99741.29,99753.79,650.00,-12.50,362.10,1
1762304491080950285,99751.62,99751.62,650.00,0.00,351.77,0
1762304492206127399,99751.62,99751.62,650.00,0.00,351.77,0
1762304493296293181,99751.62,99751.62,650.00,0.00,351.77,0
1762304494299130653,99751.62,99751.62,650.00,0.00,351.77,0
1762304495311086953,99751.62,99751.62,650.00,0.00,351.77,0
1762304496336078535,99751.62,99751.62,650.00,0.00,351.77,0
1762304497344007179,99751.62,99751.62,650.00,0.00,351.77,0
1762304498347647347,99751.62,99751.62,650.00,0.00,351.77,0
1762304499397705731,99751.62,99751.62,650.00,0.00,351.77,0
1762304500530752559,99751.62,99751.62,650.00,0.00,351.77,0
1762304501560151177,99751.62,99751.62,650.00,0.00,351.77,0
1762304502568356019,99751.62,99751.62,650.00,0.00,351.77,0
1762304503594889157,99751.62,99751.62,650.00,0.00,351.77,0
1762304504768500379,99751.62,99751.62,650.00,0.00,351.77,0
1762304505771950687,99761.95,99749.45,650.00,12.50,341.44,1
1762304506806306863,99772.28,99772.28,675.00,0.00,331.11,0
1762304507844858185,99772.28,99772.28,675.00,0.00,331.11,0
1762304508901093597,99772.28,99772.28,675.00,0.00,331.11,0
1762304509983805775,99757.61,99770.11,675.00,-12.50,345.78,1
1762304511178269049,99780.44,99780.44,687.50,0.00,322.95,0
1762304512187132635,99780.44,99780.44,687.50,0.00,322.95,0
1762304513241950165,99765.77,99778.27,687.50,-12.50,337.62,1
1762304514269201303,99765.77,99778.27,687.50,-12.50,337.62,1
1762304515280992181,99753.27,99778.27,687.50,-25.00,350.12,1
1762304516315576861,99765.77,99778.27,687.50,-12.50,337.62,1
1762304517393007217,99776.10,99776.10,687.50,0.00,327.29,0
1762304518432314003,99776.10,99776.10,687.50,0.00,327.29,0
1762304519458946103,99776.10,99776.10,687.50,0.00,327.29,0
1762304520463196333,99776.10,99776.10,687.50,0.00,327.29,0
1762304521466078393,99776.10,99776.10,687.50,0.00,327.29,0
1762304522506591153,99776.10,99776.10,687.50,0.00,327.29,0
1762304523539436491,99776.10,99776.10,687.50,0.00,327.29,0
1762304524602097347,99776.10,99776.10,687.50,0.00,327.29,0
1762304525611474959,99776.10,99776.10,687.50,0.00,327.29,0
1762304526617252171,99776.10,99776.10,687.50,0.00,327.29,0
1762304527628262901,99776.10,99776.10,687.50,0.00,327.29,0
1762304528636223803,99773.93,99773.93,687.50,0.00,329.46,1
1762304529654255935,99761.43,99773.93,687.50,-12.50,341.96,1
1762304530672193615,99736.43,99773.93,687.50,-37.50,366.96,1
1762304531676512333,99711.43,99773.93,687.50,-62.50,391.96,1
1762304532781625717,99711.43,99773.93,687.50,-62.50,391.96,1
1762304533807084211,99736.43,99773.93,687.50,-37.50,366.96,1
1762304534827124109,99736.43,99773.93,687.50,-37.50,366.96,1
1762304535883845877,99748.93,99773.93,687.50,-25.00,354.46,1
1762304536896938235,99748.93,99773.93,687.50,-25.00,354.46,1
1762304537955660419,99761.43,99773.93,687.50,-12.50,341.96,1
1762304539071446261,99761.43,99773.93,687.50,-12.50,341.96,1
1762304540071870049,99748.93,99773.93,687.50,-25.00,354.46,1
1762304541081626043,99736.43,99773.93,687.50,-37.50,366.96,1
1762304542178789573,99696.76,99771.76,687.50,-75.00,406.63,1
1762304543183581191,99696.76,99771.76,687.50,-75.00,406.63,1
1762304544220881869,99707.09,99744.59,662.50,-37.50,396.30,1
1762304545223631463,99707.09,99744.59,662.50,-37.50,396.30,1
1762304546226255727,99707.09,99744.59,662.50,-37.50,396.30,1
1762304547233557427,99707.09,99744.59,662.50,-37.50,396.30,1
1762304548463560625,99719.59,99744.59,662.50,-25.00,383.80,1
1762304549546346369,99719.59,99744.59,662.50,-25.00,383.80,1
1762304550575307933,99732.09,99744.59,662.50,-12.50,371.30,1
1762304551587011319,99742.42,99742.42,662.50,0.00,360.97,0
1762304552625573937,99742.42,99742.42,662.50,0.00,360.97,0
1762304553674238941,99742.42,99742.42,662.50,0.00,360.97,0
1762304554676726771,99742.42,99742.42,662.50,0.00,360.97,0
1762304555693892641,99742.42,99742.42,662.50,0.00,360.97,0
1762304556700006345,99742.42,99742.42,662.50,0.00,360.97,0
1762304557715771697,99742.42,99742.42,662.50,0.00,360.97,0
1762304558736443985,99727.75,99740.25,662.50,-12.50,375.64,1
1762304559819068321,99740.25,99740.25,662.50,0.00,363.14,1
1762304560881733507,99727.75,99740.25,662.50,-12.50,375.64,1
1762304561886255359,99727.75,99740.25,662.50,-12.50,375.64,1
1762304562953380815,99750.58,99750.58,675.00,0.00,352.81,0
1762304563962042177,99750.58,99750.58,675.00,0.00,352.81,0
1762304565012765943,99735.91,99748.41,675.00,-12.50,367.48,1
1762304566029172143,99735.91,99748.41,675.00,-12.50,367.48,1
1762304567060551281,99735.91,99748.41,675.00,-12.50,367.48,1
1762304568081780805,99735.91,99748.41,675.00,-12.50,367.48,1
1762304569153087301,99735.91,99748.41,675.00,-12.50,367.48,1
1762304570498634661,99748.41,99748.41,675.00,0.00,354.98,1
1762304571575882449,99758.74,99758.74,687.50,0.00,344.65,0
1762304572632060665,99758.74,99758.74,687.50,0.00,344.65,0
1762304573641274871,99758.74,99758.74,687.50,0.00,344.65,0
1762304574683010195,99758.74,99758.74,687.50,0.00,344.65,0
1762304575722119825,99758.74,99758.74,687.50,0.00,344.65,0
1762304576916631545,99756.57,99756.57,687.50,0.00,346.82,1
1762304578146256019,99756.57,99756.57,687.50,0.00,346.82,1
1762304579151983063,99756.57,99756.57,687.50,0.00,346.82,1
1762304580159602141,99744.07,99756.57,687.50,-12.50,359.32,1
1762304581242492421,99744.07,99756.57,687.50,-12.50,359.32,1
1762304582245177955,99744.07,99756.57,687.50,-12.50,359.32,1
1762304583250578311,99744.07,99756.57,687.50,-12.50,359.32,1
1762304584317000397,99744.07,99756.57,687.50,-12.50,359.32,1
1762304585336483739,99744.07,99756.57,687.50,-12.50,359.32,1
1762304586336490477,99756.57,99756.57,687.50,0.00,346.82,1
1762304587370582743,99756.57,99756.57,687.50,0.00,346.82,1
1762304588391638345,99766.90,99766.90,700.00,0.00,336.49,0
1762304589422511237,99766.90,99766.90,700.00,0.00,336.49,0
1762304590440687425,99764.73,99764.73,700.00,0.00,338.66,1
1762304591451011203,99752.23,99764.73,700.00,-12.50,351.16,1
1762304592571566621,99764.73,99764.73,700.00,0.00,338.66,1
1762304593584178589,99775.06,99775.06,712.50,0.00,328.33,0
1762304594589168163,99775.06,99775.06,712.50,0.00,328.33,0
1762304595786573163,99775.06,99775.06,712.50,0.00,328.33,0
1762304596878687697,99775.06,99775.06,712.50,0.00,328.33,0
1762304597976694779,99775.06,99775.06,712.50,0.00,328.33,0
1762304599015867647,99775.06,99775.06,712.50,0.00,328.33,0
1762304600016006211,99775.06,99775.06,712.50,0.00,328.33,0
1762304601052812197,99775.06,99775.06,712.50,0.00,328.33,0
1762304602059561141,99775.06,99775.06,712.50,0.00,328.33,0
1762304603070905589,99775.06,99775.06,712.50,0.00,328.33,0
1762304604083493371,99775.06,99775.06,712.50,0.00,328.33,0
1762304605206557353,99775.06,99775.06,712.50,0.00,328.33,0
1762304606212773301,99775.06,99775.06,712.50,0.00,328.33,0
1762304607235625987,99775.06,99775.06,712.50,0.00,328.33,0
1762304608330499635,99775.06,99775.06,712.50,0.00,328.33,0
1762304609352086901,99775.06,99775.06,712.50,0.00,328.33,0
1762304610367336123,99775.06,99775.06,712.50,0.00,328.33,0
1762304611369292981,99775.06,99775.06,712.50,0.00,328.33,0
1762304612396448269,99775.06,99775.06,712.50,0.00,328.33,0
1762304613578395379,99775.06,99775.06,712.50,0.00,328.33,0
1762304614730436689,99775.06,99775.06,712.50,0.00,328.33,0
1762304615800256039,99775.06,99775.06,712.50,0.00,328.33,0
1762304616860838173,99775.06,99775.06,712.50,0.00,328.33,0
1762304617947597187,99775.06,99775.06,712.50,0.00,328.33,0
1762304618981993175,99775.06,99775.06,712.50,0.00,328.33,0
1762304619982005957,99775.06,99775.06,712.50,0.00,328.33,0
1762304621027023819,99775.06,99775.06,712.50,0.00,328.33,0
1762304622044258527,99775.06,99775.06,712.50,0.00,328.33,0
1762304623116081515,99775.06,99775.06,712.50,0.00,328.33,0
1762304624138037901,99775.06,99775.06,712.50,0.00,328.33,0
1762304625148029587,99775.06,99775.06,712.50,0.00,328.33,0
1762304626243366039,99775.06,99775.06,712.50,0.00,328.33,0
1762304627376650973,99775.06,99775.06,712.50,0.00,328.33,0
1762304628462738009,99775.06,99775.06,712.50,0.00,328.33,0
1762304629465005759,99775.06,99775.06,712.50,0.00,328.33,0
1762304630467253563,99775.06,99775.06,712.50,0.00,328.33,0
1762304631496132113,99775.06,99775.06,712.50,0.00,328.33,0
1762304632569646793,99775.06,99775.06,712.50,0.00,328.33,0
1762304633593292299,99775.06,99775.06,712.50,0.00,328.33,0
1762304634617161559,99775.06,99775.06,712.50,0.00,328.33,0
1762304635633812123,99775.06,99775.06,712.50,0.00,328.33,0
1762304636667452519,99775.06,99775.06,712.50,0.00,328.33,0
1762304637790873251,99775.06,99775.06,712.50,0.00,328.33,0
1762304638791359933,99775.06,99775.06,712.50,0.00,328.33,0
1762304639839953219,99775.06,99775.06,712.50,0.00,328.33,0
1762304640883589737,99775.06,99775.06,712.50,0.00,328.33,0
1762304641920432729,99760.39,99772.89,712.50,-12.50,343.00,1
1762304642956155987,99735.39,99772.89,712.50,-37.50,368.00,1
1762304644057382293,99735.39,99772.89,712.50,-37.50,368.00,1
1762304645111006633,99747.89,99772.89,712.50,-25.00,355.50,1
1762304646146744469,99758.22,99758.22,700.00,0.00,345.17,0
1762304647150375713,99758.22,99758.22,700.00,0.00,345.17,0
1762304648212159927,99758.22,99758.22,700.00,0.00,345.17,0
1762304649251971347,99731.05,99756.05,700.00,-25.00,372.34,1
1762304650300381305,99728.88,99728.88,675.00,0.00,374.51,0
1762304651609176599,99728.88,99728.88,675.00,0.00,374.51,0
1762304652704916093,99714.21,99726.71,675.00,-12.50,389.18,1
1762304653792440573,99726.71,99726.71,675.00,0.00,376.68,1
1762304654825808475,99737.04,99737.04,687.50,0.00,366.35,0
1762304655826999009,99737.04,99737.04,687.50,0.00,366.35,0
1762304656882176725,99737.04,99737.04,687.50,0.00,366.35,0
1762304657885153681,99737.04,99737.04,687.50,0.00,366.35,0
1762304658913114499,99737.04,99737.04,687.50,0.00,366.35,0
1762304659963300715,99737.04,99737.04,687.50,0.00,366.35,0
1762304660991055691,99737.04,99737.04,687.50,0.00,366.35,0
1762304662058389857,99737.04,99737.04,687.50,0.00,366.35,0
1762304663122888955,99737.04,99737.04,687.50,0.00,366.35,0
1762304664127170751,99737.04,99737.04,687.50,0.00,366.35,0
1762304665131952489,99737.04,99737.04,687.50,0.00,366.35,0
1762304666185556715,99737.04,99737.04,687.50,0.00,366.35,0
1762304667193441787,99737.04,99737.04,687.50,0.00,366.35,0
1762304668263354659,99737.04,99737.04,687.50,0.00,366.35,0
1762304669316299997,99737.04,99737.04,687.50,0.00,366.35,0
1762304670338307271,99734.87,99734.87,687.50,0.00,368.52,1
1762304671339363221,99722.37,99734.87,687.50,-12.50,381.02,1
1762304672530926329,99722.37,99734.87,687.50,-12.50,381.02,1
1762304673536969521,99734.87,99734.87,687.50,0.00,368.52,1
1762304674565573483,99734.87,99734.87,687.50,0.00,368.52,1
1762304675620232899,99722.37,99734.87,687.50,-12.50,381.02,1
1762304676621665941,99734.87,99734.87,687.50,0.00,368.52,1
1762304677755499013,99734.87,99734.87,687.50,0.00,368.52,1
1762304678760747687,99734.87,99734.87,687.50,0.00,368.52,1
1762304679825816859,99734.87,99734.87,687.50,0.00,368.52,1
1762304680838494777,99757.70,99757.70,712.50,0.00,345.69,0
1762304681875016995,99757.70,99757.70,712.50,0.00,345.69,0
1762304682954101183,99757.70,99757.70,712.50,0.00,345.69,0
1762304683978406491,99757.70,99757.70,712.50,0.00,345.69,0
1762304684988712643,99757.70,99757.70,712.50,0.00,345.69,0
1762304685998364203,99757.70,99757.70,712.50,0.00,345.69,0
1762304687088008109,99757.70,99757.70,712.50,0.00,345.69,0
1762304688143058977,99757.70,99757.70,712.50,0.00,345.69,0
1762304689312508121,99757.70,99757.70,712.50,0.00,345.69,0
1762304690401766753,99743.03,99755.53,712.50,-12.50,360.36,1
1762304691423924953,99743.03,99755.53,712.50,-12.50,360.36,1
1762304692441159375,99755.53,99755.53,712.50,0.00,347.86,1
1762304693442955199,99743.03,99755.53,712.50,-12.50,360.36,1
1762304694502131117,99743.03,99755.53,712.50,-12.50,360.36,1
1762304695523948077,99730.53,99755.53,712.50,-25.00,372.86,1
1762304696763562471,99730.53,99755.53,712.50,-25.00,372.86,1
1762304697789335701,99743.03,99755.53,712.50,-12.50,360.36,1
1762304698791215241,99730.53,99755.53,712.50,-25.00,372.86,1
1762304699807196543,99743.03,99755.53,712.50,-12.50,360.36,1
1762304700830578057,99765.86,99765.86,725.00,0.00,337.53,0
1762304701882466063,99765.86,99765.86,725.00,0.00,337.53,0
1762304702951326359,99765.86,99765.86,725.00,0.00,337.53,0
1762304703951370663,99765.86,99765.86,725.00,0.00,337.53,0
1762304704956506567,99765.86,99765.86,725.00,0.00,337.53,0
1762304706020905985,99765.86,99765.86,725.00,0.00,337.53,0
1762304707259273687,99765.86,99765.86,725.00,0.00,337.53,0
1762304708278562867,99765.86,99765.86,725.00,0.00,337.53,0
1762304709329032945,99765.86,99765.86,725.00,0.00,337.53,0
1762304710344700341,99751.19,99763.69,725.00,-12.50,352.20,1
1762304711399156599,99751.19,99763.69,725.00,-12.50,352.20,1
1762304712400231051,99751.19,99763.69,725.00,-12.50,352.20,1
1762304713637354803,99751.19,99763.69,725.00,-12.50,352.20,1
1762304714701960403,99738.69,99763.69,725.00,-25.00,364.70,1
1762304715733200587,99738.69,99763.69,725.00,-25.00,364.70,1
1762304716813316375,99751.19,99763.69,725.00,-12.50,352.20,1
1762304717849955529,99751.19,99763.69,725.00,-12.50,352.20,1
1762304718942063633,99751.19,99763.69,725.00,-12.50,352.20,1
1762304720073067035,99751.19,99763.69,725.00,-12.50,352.20,1
1762304721278215683,99751.19,99763.69,725.00,-12.50,352.20,1
1762304722331202545,99774.02,99774.02,737.50,0.00,329.37,0
1762304723354263781,99774.02,99774.02,737.50,0.00,329.37,0
1762304724361713513,99774.02,99774.02,737.50,0.00,329.37,0
1762304725370866903,99774.02,99774.02,737.50,0.00,329.37,0
1762304726502055913,99774.02,99774.02,737.50,0.00,329.37,0
1762304727605386931,99774.02,99774.02,737.50,0.00,329.37,0
1762304728656052993,99774.02,99774.02,737.50,0.00,329.37,0
1762304729737273373,99774.02,99774.02,737.50,0.00,329.37,0
1762304730793855289,99774.02,99774.02,737.50,0.00,329.37,0
1762304731882172389,99774.02,99774.02,737.50,0.00,329.37,0
1762304732903484341,99774.02,99774.02,737.50,0.00,329.37,0
1762304734024667623,99774.02,99774.02,737.50,0.00,329.37,0
1762304735037222551,99774.02,99774.02,737.50,0.00,329.37,0
1762304736053227201,99774.02,99774.02,737.50,0.00,329.37,0
1762304737056842995,99774.02,99774.02,737.50,0.00,329.37,0
1762304738088957509,99774.02,99774.02,737.50,0.00,329.37,0
1762304739117146873,99774.02,99774.02,737.50,0.00,329.37,0
1762304740196044237,99774.02,99774.02,737.50,0.00,329.37,0
1762304741247675023,99774.02,99774.02,737.50,0.00,329.37,0
1762304742248607993,99774.02,99774.02,737.50,0.00,329.37,0
1762304743271244429,99746.85,99771.85,737.50,-25.00,356.54,1
1762304744280337615,99759.35,99771.85,737.50,-12.50,344.04,1
1762304745288433635,99759.35,99771.85,737.50,-12.50,344.04,1
1762304746297434031,99782.18,99782.18,750.00,0.00,321.21,0
1762304747359982379,99782.18,99782.18,750.00,0.00,321.21,0
1762304748385631369,99782.18,99782.18,750.00,0.00,321.21,0
1762304749430120741,99767.51,99780.01,750.00,-12.50,335.88,1
1762304750496756757,99755.01,99780.01,750.00,-25.00,348.38,1
1762304751497616683,99742.51,99780.01,750.00,-37.50,360.88,1
1762304752502059345,99755.01,99780.01,750.00,-25.00,348.38,1
1762304753502069095,99765.34,99765.34,737.50,0.00,338.05,0
1762304754508756431,99765.34,99765.34,737.50,0.00,338.05,0
1762304755533057841,99765.34,99765.34,737.50,0.00,338.05,0
1762304756573136827,99765.34,99765.34,737.50,0.00,338.05,0
1762304757574698971,99765.34,99765.34,737.50,0.00,338.05,0
1762304758606675823,99750.67,99763.17,737.50,-12.50,352.72,1
1762304759608444183,99763.17,99763.17,737.50,0.00,340.22,1
1762304760635595253,99773.50,99773.50,750.00,0.00,329.89,0
1762304761644256039,99758.83,99771.33,750.00,-12.50,344.56,1
1762304762669030929,99758.83,99771.33,750.00,-12.50,344.56,1
1762304763686344507,99733.83,99771.33,750.00,-37.50,369.56,1
1762304764692044119,99733.83,99771.33,750.00,-37.50,369.56,1
1762304765733596269,99733.83,99771.33,750.00,-37.50,369.56,1
1762304766735274559,99721.33,99771.33,750.00,-50.00,382.06,1
1762304767765985735,99721.33,99771.33,750.00,-50.00,382.06,1
1762304768771642387,99696.33,99771.33,750.00,-75.00,407.06,1
1762304769787439863,99721.33,99771.33,750.00,-50.00,382.06,1
1762304770838345699,99731.66,99731.66,712.50,0.00,371.73,0
1762304771847208835,99731.66,99731.66,712.50,0.00,371.73,0
1762304772872393863,99731.66,99731.66,712.50,0.00,371.73,0
1762304773874308843,99731.66,99731.66,712.50,0.00,371.73,0
1762304774903635593,99731.66,99731.66,712.50,0.00,371.73,0
1762304775911675969,99731.66,99731.66,712.50,0.00,371.73,0
1762304776932951135,99731.66,99731.66,712.50,0.00,371.73,0
1762304777983306047,99731.66,99731.66,712.50,0.00,371.73,0
1762304778984993697,99716.99,99729.49,712.50,-12.50,386.40,1
1762304779988943791,99729.49,99729.49,712.50,0.00,373.90,1
1762304781000841629,99729.49,99729.49,712.50,0.00,373.90,1
1762304782001645595,99716.99,99729.49,712.50,-12.50,386.40,1
1762304783103410009,99716.99,99729.49,712.50,-12.50,386.40,1
1762304784236087177,99716.99,99729.49,712.50,-12.50,386.40,1
1762304785273859217,99727.32,99727.32,712.50,0.00,376.07,0
1762304786276964301,99727.32,99727.32,712.50,0.00,376.07,0
1762304787363157413,99727.32,99727.32,712.50,0.00,376.07,0
1762304788513995651,99727.32,99727.32,712.50,0.00,376.07,0
1762304789550373405,99727.32,99727.32,712.50,0.00,376.07,0
1762304790578348553,99727.32,99727.32,712.50,0.00,376.07,0
1762304791704946435,99727.32,99727.32,712.50,0.00,376.07,0
1762304792796036639,99737.65,99725.15,712.50,12.50,365.74,1
1762304793835004965,99725.15,99725.15,712.50,0.00,378.24,1
1762304794887919977,99737.65,99725.15,712.50,12.50,365.74,1
1762304795929120069,99737.65,99725.15,712.50,12.50,365.74,1
1762304796994432575,99725.15,99725.15,712.50,0.00,378.24,1
1762304798004086411,99725.15,99725.15,712.50,0.00,378.24,1
1762304799169055833,99725.15,99725.15,712.50,0.00,378.24,1
1762304800233613355,99737.65,99725.15,712.50,12.50,365.74,1
1762304801285338221,99747.98,99747.98,737.50,0.00,355.41,0
1762304802287435865,99747.98,99747.98,737.50,0.00,355.41,0
1762304803378140775,99747.98,99747.98,737.50,0.00,355.41,0
1762304804378943093,99747.98,99747.98,737.50,0.00,355.41,0
1762304805389398785,99747.98,99747.98,737.50,0.00,355.41,0
1762304806475366745,99747.98,99747.98,737.50,0.00,355.41,0
1762304807492818969,99733.31,99745.81,737.50,-12.50,370.08,1
1762304808502326585,99745.81,99745.81,737.50,0.00,357.58,1
1762304809502355691,99733.31,99745.81,737.50,-12.50,370.08,1
1762304810504021013,99733.31,99745.81,737.50,-12.50,370.08,1
1762304811543388663,99745.81,99745.81,737.50,0.00,357.58,1
1762304812546326567,99756.14,99756.14,750.00,0.00,347.25,0
1762304813559177995,99756.14,99756.14,750.00,0.00,347.25,0
1762304814814037803,99756.14,99756.14,750.00,0.00,347.25,0
1762304815840578821,99756.14,99756.14,750.00,0.00,347.25,0
1762304816880608841,99756.14,99756.14,750.00,0.00,347.25,0
1762304817883785737,99756.14,99756.14,750.00,0.00,347.25,0
1762304819006630533,99756.14,99756.14,750.00,0.00,347.25,0
1762304820071150025,99753.97,99753.97,750.00,0.00,349.42,1
1762304821136057763,99741.47,99753.97,750.00,-12.50,361.92,1
1762304822178312221,99728.97,99753.97,750.00,-25.00,374.42,1
1762304823289148273,99741.47,99753.97,750.00,-12.50,361.92,1
1762304824314590217,99753.97,99753.97,750.00,0.00,349.42,1
1762304825328341007,99766.47,99753.97,750.00,12.50,336.92,1
1762304826337642471,99766.47,99753.97,750.00,12.50,336.92,1
1762304827402433615,99766.47,99753.97,750.00,12.50,336.92,1
1762304828408767653,99776.80,99776.80,775.00,0.00,326.59,0
1762304829414476375,99776.80,99776.80,775.00,0.00,326.59,0
1762304830437662841,99776.80,99776.80,775.00,0.00,326.59,0
1762304831518159879,99776.80,99776.80,775.00,0.00,326.59,0
1762304832534314073,99776.80,99776.80,775.00,0.00,326.59,0
1762304833537381647,99776.80,99776.80,775.00,0.00,326.59,0
1762304834558310881,99776.80,99776.80,775.00,0.00,326.59,0
1762304835570527551,99776.80,99776.80,775.00,0.00,326.59,0
1762304836679490069,99776.80,99776.80,775.00,0.00,326.59,0
1762304837680348869,99776.80,99776.80,775.00,0.00,326.59,0
1762304838689349225,99776.80,99776.80,775.00,0.00,326.59,0
1762304839751054427,99774.63,99774.63,775.00,0.00,328.76,1
1762304840797650579,99774.63,99774.63,775.00,0.00,328.76,1
1762304841837458215,99787.13,99774.63,775.00,12.50,316.26,1
1762304842923046979,99774.63,99774.63,775.00,0.00,328.76,1
1762304843957293963,99762.13,99774.63,775.00,-12.50,341.26,1
1762304844998315201,99762.13,99774.63,775.00,-12.50,341.26,1
1762304846000759013,99749.63,99774.63,775.00,-25.00,353.76,1
1762304847002530779,99749.63,99774.63,775.00,-25.00,353.76,1
1762304848002541483,99737.13,99774.63,775.00,-37.50,366.26,1
1762304849033368703,99737.13,99774.63,775.00,-37.50,366.26,1
1762304850041833705,99737.13,99774.63,775.00,-37.50,366.26,1
1762304851077255895,99749.63,99774.63,775.00,-25.00,353.76,1
1762304852224770789,99749.63,99774.63,775.00,-25.00,353.76,1
1762304853244049053,99749.63,99774.63,775.00,-25.00,353.76,1
1762304854287100023,99762.13,99774.63,775.00,-12.50,341.26,1
1762304855296101737,99762.13,99774.63,775.00,-12.50,341.26,1
1762304856353857055,99772.46,99772.46,775.00,0.00,330.93,0
1762304857364443469,99772.46,99772.46,775.00,0.00,330.93,0
1762304858408913521,99772.46,99772.46,775.00,0.00,330.93,0
1762304859410348069,99772.46,99772.46,775.00,0.00,330.93,0
1762304860437801579,99772.46,99772.46,775.00,0.00,330.93,0
1762304861550656515,99772.46,99772.46,775.00,0.00,330.93,0
1762304862552541641,99770.29,99770.29,775.00,0.00,333.10,1
1762304863602598715,99770.29,99770.29,775.00,0.00,333.10,1
1762304864607423503,99770.29,99770.29,775.00,0.00,333.10,1
1762304865863297337,99770.29,99770.29,775.00,0.00,333.10,1
1762304867117117743,99770.29,99770.29,775.00,0.00,333.10,1
1762304868128397763,99807.79,99770.29,775.00,37.50,295.60,1
1762304869154390441,99782.79,99770.29,775.00,12.50,320.60,1
1762304870157506425,99795.29,99770.29,775.00,25.00,308.10,1
1762304871202235805,99795.29,99770.29,775.00,25.00,308.10,1
1762304872345454377,99807.79,99770.29,775.00,37.50,295.60,1
1762304873422959061,99803.45,99815.95,825.00,-12.50,299.94,1
1762304874444710549,99815.95,99815.95,825.00,0.00,287.44,1
1762304875487741315,99803.45,99815.95,825.00,-12.50,299.94,1
1762304876496151633,99815.95,99815.95,825.00,0.00,287.44,1
1762304877504404743,99828.45,99815.95,825.00,12.50,274.94,1
1762304878517551259,99815.95,99815.95,825.00,0.00,287.44,1
1762304879569429247,99815.95,99815.95,825.00,0.00,287.44,1
1762304880571723953,99815.95,99815.95,825.00,0.00,287.44,1
1762304881606757357,99790.95,99815.95,825.00,-25.00,312.44,1
1762304882717757589,99790.95,99815.95,825.00,-25.00,312.44,1
1762304883718859849,99790.95,99815.95,825.00,-25.00,312.44,1
1762304884724716717,99790.95,99815.95,825.00,-25.00,312.44,1
1762304885733353033,99753.45,99815.95,825.00,-62.50,349.94,1
1762304886781669931,99753.45,99815.95,825.00,-62.50,349.94,1
1762304887797750853,99753.45,99815.95,825.00,-62.50,349.94,1
1762304888851584861,99753.45,99815.95,825.00,-62.50,349.94,1
1762304889911622227,99753.45,99815.95,825.00,-62.50,349.94,1
1762304890916727331,99778.45,99815.95,825.00,-37.50,324.94,1
1762304892154178831,99790.95,99815.95,825.00,-25.00,312.44,1
1762304893224953943,99790.95,99815.95,825.00,-25.00,312.44,1
1762304894275499789,99790.95,99815.95,825.00,-25.00,312.44,1
1762304895278006719,99790.95,99815.95,825.00,-25.00,312.44,1
1762304896281479325,99778.45,99815.95,825.00,-37.50,324.94,1
1762304897302779535,99765.95,99815.95,825.00,-50.00,337.44,1
1762304898306970499,99778.45,99815.95,825.00,-37.50,324.94,1
1762304899392586265,99778.45,99815.95,825.00,-37.50,324.94,1
1762304900417756971,99778.45,99815.95,825.00,-37.50,324.94,1
1762304901432978193,99765.95,99815.95,825.00,-50.00,337.44,1
1762304902445928811,99765.95,99815.95,825.00,-50.00,337.44,1
1762304903502819231,99753.45,99815.95,825.00,-62.50,349.94,1
1762304904503952675,99778.45,99815.95,825.00,-37.50,324.94,1
1762304905557632765,99765.95,99815.95,825.00,-50.00,337.44,1
1762304906579816607,99788.78,99788.78,800.00,0.00,314.61,0
1762304907863880919,99788.78,99788.78,800.00,0.00,314.61,0
1762304908892493911,99788.78,99788.78,800.00,0.00,314.61,0
1762304909896736647,99788.78,99788.78,800.00,0.00,314.61,0
1762304910971902235,99788.78,99788.78,800.00,0.00,314.61,0
1762304912002843913,99788.78,99788.78,800.00,0.00,314.61,0
1762304913017340097,99788.78,99788.78,800.00,0.00,314.61,0
1762304914024186163,99788.78,99788.78,800.00,0.00,314.61,0
1762304915024205279,99788.78,99788.78,800.00,0.00,314.61,0
1762304916213006763,99788.78,99788.78,800.00,0.00,314.61,0
1762304917224086509,99788.78,99788.78,800.00,0.00,314.61,0
1762304918324088023,99786.61,99786.61,800.00,0.00,316.78,1
1762304919324090799,99786.61,99786.61,800.00,0.00,316.78,1
1762304920324092023,99774.11,99786.61,800.00,-12.50,329.28,1
1762304921338089875,99774.11,99786.61,800.00,-12.50,329.28,1
1762304922355630763,99786.61,99786.61,800.00,0.00,316.78,1
1762304923355971401,99761.61,99786.61,800.00,-25.00,341.78,1
1762304924411881177,99761.61,99786.61,800.00,-25.00,341.78,1
1762304925423353991,99761.61,99786.61,800.00,-25.00,341.78,1
1762304926477473599,99749.11,99786.61,800.00,-37.50,354.28,1
1762304927477609043,99761.61,99786.61,800.00,-25.00,341.78,1
1762304928505653925,99749.11,99786.61,800.00,-37.50,354.28,1
1762304929593102865,99749.11,99786.61,800.00,-37.50,354.28,1
1762304930605755721,99749.11,99786.61,800.00,-37.50,354.28,1
1762304931607245705,99761.61,99786.61,800.00,-25.00,341.78,1
1762304932612764231,99774.11,99786.61,800.00,-12.50,329.28,1
1762304933624161535,99774.11,99786.61,800.00,-12.50,329.28,1
1762304934700193257,99761.61,99786.61,800.00,-25.00,341.78,1
1762304935720380989,99761.61,99786.61,800.00,-25.00,341.78,1
1762304936752537319,99761.61,99786.61,800.00,-25.00,341.78,1
1762304937815984143,99761.61,99786.61,800.00,-25.00,341.78,1
1762304938816030419,99761.61,99786.61,800.00,-25.00,341.78,1
1762304939830998233,99761.61,99786.61,800.00,-25.00,341.78,1
1762304940834529035,99749.11,99786.61,800.00,-37.50,354.28,1
1762304941875409639,99782.27,99782.27,800.00,0.00,321.12,1
1762304942909247303,99794.77,99782.27,800.00,12.50,308.62,1
1762304943923668891,99782.27,99782.27,800.00,0.00,321.12,1
1762304944932130235,99769.77,99782.27,800.00,-12.50,333.62,1
1762304945966387311,99782.27,99782.27,800.00,0.00,321.12,1
1762304946999788567,99794.77,99782.27,800.00,12.50,308.62,1
1762304948022450825,99805.10,99805.10,825.00,0.00,298.29,0
1762304949038220529,99790.43,99802.93,825.00,-12.50,312.96,1
1762304950081961867,99802.93,99802.93,825.00,0.00,300.46,1
1762304951089039827,99802.93,99802.93,825.00,0.00,300.46,1
1762304952161086065,99813.26,99813.26,837.50,0.00,290.13,0
1762304953303038713,99813.26,99813.26,837.50,0.00,290.13,0
1762304954323257893,99813.26,99813.26,837.50,0.00,290.13,0
1762304955351255251,99813.26,99813.26,837.50,0.00,290.13,0
1762304956479380645,99813.26,99813.26,837.50,0.00,290.13,0
1762304957551482403,99813.26,99813.26,837.50,0.00,290.13,0
1762304958560039735,99813.26,99813.26,837.50,0.00,290.13,0
1762304959641222167,99798.59,99811.09,837.50,-12.50,304.80,1
1762304960737242977,99811.09,99811.09,837.50,0.00,292.30,1
1762304961795777727,99811.09,99811.09,837.50,0.00,292.30,1
1762304962813165637,99811.09,99811.09,837.50,0.00,292.30,1
1762304963882350333,99811.09,99811.09,837.50,0.00,292.30,1
1762304964978381223,99811.09,99811.09,837.50,0.00,292.30,1
1762304966003101623,99811.09,99811.09,837.50,0.00,292.30,1
1762304967034380275,99798.59,99811.09,837.50,-12.50,304.80,1
1762304968124306221,99798.59,99811.09,837.50,-12.50,304.80,1
1762304969151846047,99798.59,99811.09,837.50,-12.50,304.80,1
1762304970203228129,99798.59,99811.09,837.50,-12.50,304.80,1
1762304971253648473,99798.59,99811.09,837.50,-12.50,304.80,1
1762304972279095575,99786.09,99811.09,837.50,-25.00,317.30,1
1762304973286481379,99798.59,99811.09,837.50,-12.50,304.80,1
1762304974367042995,99808.92,99808.92,837.50,0.00,294.47,0
1762304975371264657,99808.92,99808.92,837.50,0.00,294.47,0
1762304976387630585,99808.92,99808.92,837.50,0.00,294.47,0
1762304977538818091,99808.92,99808.92,837.50,0.00,294.47,0
1762304979103148677,99808.92,99808.92,837.50,0.00,294.47,0
1762304980169624041,99808.92,99808.92,837.50,0.00,294.47,0
1762304981284268415,99808.92,99808.92,837.50,0.00,294.47,0
1762304982308349149,99808.92,99808.92,837.50,0.00,294.47,0
1762304983325904893,99808.92,99808.92,837.50,0.00,294.47,0
1762304984414290751,99808.92,99808.92,837.50,0.00,294.47,0
1762304985518698611,99808.92,99808.92,837.50,0.00,294.47,0
1762304986536618713,99808.92,99808.92,837.50,0.00,294.47,0
1762304987537219659,99808.92,99808.92,837.50,0.00,294.47,0
1762304988561362175,99808.92,99808.92,837.50,0.00,294.47,0
1762304989639867045,99808.92,99808.92,837.50,0.00,294.47,0
1762304990675650569,99808.92,99808.92,837.50,0.00,294.47,0
1762304991701711445,99794.25,99806.75,837.50,-12.50,309.14,1
1762304992703331739,99806.75,99806.75,837.50,0.00,296.64,1
1762304993908534721,99806.75,99806.75,837.50,0.00,296.64,1
1762304994920306029,99817.08,99817.08,850.00,0.00,286.31,0
1762304995939912597,99817.08,99817.08,850.00,0.00,286.31,0
1762304996939938467,99802.41,99814.91,850.00,-12.50,300.98,1
1762304997953861761,99777.41,99814.91,850.00,-37.50,325.98,1
1762304998962062115,99752.41,99814.91,850.00,-62.50,350.98,1
1762304999989176953,99739.91,99814.91,850.00,-75.00,363.48,1
1762305001008461829,99727.41,99814.91,850.00,-87.50,375.98,1
1762305002028964969,99739.91,99814.91,850.00,-75.00,363.48,1
1762305003148732177,99727.41,99814.91,850.00,-87.50,375.98,1
1762305004151846631,99739.91,99814.91,850.00,-75.00,363.48,1
1762305005203321717,99750.24,99750.24,787.50,0.00,353.15,0
1762305006205218117,99750.24,99750.24,787.50,0.00,353.15,0
1762305007255457491,99750.24,99750.24,787.50,0.00,353.15,0
1762305008260383237,99750.24,99750.24,787.50,0.00,353.15,0
1762305009267629509,99750.24,99750.24,787.50,0.00,353.15,0
1762305010283694583,99750.24,99750.24,787.50,0.00,353.15,0
1762305011288255713,99750.24,99750.24,787.50,0.00,353.15,0
1762305012374326105,99750.24,99750.24,787.50,0.00,353.15,0
1762305013377768193,99750.24,99750.24,787.50,0.00,353.15,0
1762305014424137253,99750.24,99750.24,787.50,0.00,353.15,0
1762305015425349255,99750.24,99750.24,787.50,0.00,353.15,0
1762305016427506213,99723.07,99748.07,787.50,-25.00,380.32,1
1762305017443642349,99698.07,99748.07,787.50,-50.00,405.32,1
1762305018445815149,99698.07,99748.07,787.50,-50.00,405.32,1
1762305019464947197,99698.07,99748.07,787.50,-50.00,405.32,1
1762305020532735377,99720.90,99720.90,762.50,0.00,382.49,0
1762305021541004825,99720.90,99720.90,762.50,0.00,382.49,0
1762305022622987225,99720.90,99720.90,762.50,0.00,382.49,0
1762305023623201859,99720.90,99720.90,762.50,0.00,382.49,0
1762305024624590637,99718.73,99718.73,762.50,0.00,384.66,1
1762305025730812597,99729.06,99729.06,775.00,0.00,374.33,0
1762305026742030239,99714.39,99726.89,775.00,-12.50,389.00,1
1762305027755066573,99714.39,99726.89,775.00,-12.50,389.00,1
1762305028780078361,99726.89,99726.89,775.00,0.00,376.50,1
1762305029783016727,99737.22,99737.22,787.50,0.00,366.17,0
1762305030816754791,99737.22,99737.22,787.50,0.00,366.17,0
1762305031838599765,99737.22,99737.22,787.50,0.00,366.17,0
1762305032840458345,99737.22,99737.22,787.50,0.00,366.17,0
1762305033858053455,99735.05,99735.05,787.50,0.00,368.34,1
1762305034858168313,99747.55,99735.05,787.50,12.50,355.84,1
1762305035916659157,99757.88,99757.88,812.50,0.00,345.51,0
1762305036972482531,99757.88,99757.88,812.50,0.00,345.51,0
1762305038025048671,99757.88,99757.88,812.50,0.00,345.51,0
1762305039048928299,99757.88,99757.88,812.50,0.00,345.51,0
1762305040188819389,99757.88,99757.88,812.50,0.00,345.51,0
1762305041191507871,99757.88,99757.88,812.50,0.00,345.51,0
1762305042299954741,99757.88,99757.88,812.50,0.00,345.51,0
1762305043332158825,99743.21,99755.71,812.50,-12.50,360.18,1
1762305044339045271,99705.71,99755.71,812.50,-50.00,397.68,1
1762305045347566087,99705.71,99755.71,812.50,-50.00,397.68,1
1762305046350952315,99693.21,99755.71,812.50,-62.50,410.18,1
1762305047445497415,99693.21,99755.71,812.50,-62.50,410.18,1
1762305048460627115,99628.54,99753.54,812.50,-125.00,474.85,1
1762305049471880049,99603.54,99753.54,812.50,-150.00,499.85,1
1762305050531109575,99661.70,99661.70,725.00,0.00,441.69,0
1762305051559356499,99659.53,99659.53,725.00,0.00,443.86,1
1762305052612328691,99659.53,99659.53,725.00,0.00,443.86,1
1762305053826072391,99647.03,99659.53,725.00,-12.50,456.36,1
1762305054849740849,99647.03,99659.53,725.00,-12.50,456.36,1
1762305055858438021,99634.53,99659.53,725.00,-25.00,468.86,1
1762305057039571131,99634.53,99659.53,725.00,-25.00,468.86,1
1762305058042670245,99609.53,99659.53,725.00,-50.00,493.86,1
1762305059044574373,99609.53,99659.53,725.00,-50.00,493.86,1
1762305060045279917,99622.03,99659.53,725.00,-37.50,481.36,1
1762305061113970697,99630.19,99630.19,700.00,0.00,473.20,1
1762305062237080677,99630.19,99630.19,700.00,0.00,473.20,1
1762305063238829437,99630.19,99630.19,700.00,0.00,473.20,1
1762305064278950407,99630.19,99630.19,700.00,0.00,473.20,1
1762305065309436167,99617.69,99630.19,700.00,-12.50,485.70,1
1762305066309584097,99617.69,99630.19,700.00,-12.50,485.70,1
1762305067309807963,99592.69,99630.19,700.00,-37.50,510.70,1
1762305068336610775,99605.19,99630.19,700.00,-25.00,498.20,1
1762305069388326389,99628.02,99628.02,700.00,0.00,475.37,0
1762305070484263089,99628.02,99628.02,700.00,0.00,475.37,0
1762305071485005913,99628.02,99628.02,700.00,0.00,475.37,0
1762305072495912101,99628.02,99628.02,700.00,0.00,475.37,0
1762305073560010389,99628.02,99628.02,700.00,0.00,475.37,0
1762305074577807019,99625.85,99625.85,700.00,0.00,477.54,1
1762305075597510231,99638.35,99625.85,700.00,12.50,465.04,1
1762305076599381095,99625.85,99625.85,700.00,0.00,477.54,1
1762305077675346723,99638.35,99625.85,700.00,12.50,465.04,1
1762305078691700783,99638.35,99625.85,700.00,12.50,465.04,1
1762305079712847701,99625.85,99625.85,700.00,0.00,477.54,1
1762305080785054555,99613.35,99625.85,700.00,-12.50,490.04,1
1762305081803680143,99600.85,99625.85,700.00,-25.00,502.54,1
1762305082813317415,99600.85,99625.85,700.00,-25.00,502.54,1
1762305083817223361,99600.85,99625.85,700.00,-25.00,502.54,1
1762305084830135609,99623.68,99623.68,700.00,0.00,479.71,0
1762305085906128255,99623.68,99623.68,700.00,0.00,479.71,0
1762305086938860433,99609.01,99621.51,700.00,-12.50,494.38,1
1762305088054345055,99609.01,99621.51,700.00,-12.50,494.38,1
1762305089143303945,99609.01,99621.51,700.00,-12.50,494.38,1
1762305090209837939,99596.51,99621.51,700.00,-25.00,506.88,1
1762305091227624891,99571.51,99621.51,700.00,-50.00,531.88,1
1762305092238984355,99609.01,99621.51,700.00,-12.50,494.38,1
1762305093239303173,99609.01,99621.51,700.00,-12.50,494.38,1
1762305094316059917,99609.01,99621.51,700.00,-12.50,494.38,1
1762305095327968293,99609.01,99621.51,700.00,-12.50,494.38,1
1762305096356506599,99621.51,99621.51,700.00,0.00,481.88,1
1762305097380801431,99621.51,99621.51,700.00,0.00,481.88,1
1762305098389957385,99634.01,99621.51,700.00,12.50,469.38,1
1762305099398007425,99659.01,99621.51,700.00,37.50,444.38,1
1762305100403785149,99646.51,99621.51,700.00,25.00,456.88,1
1762305101438941265,99634.01,99621.51,700.00,12.50,469.38,1
1762305102521514337,99621.51,99621.51,700.00,0.00,481.88,1
1762305103600832367,99621.51,99621.51,700.00,0.00,481.88,1
1762305104604881417,99644.34,99644.34,725.00,0.00,459.05,0
1762305105725769995,99644.34,99644.34,725.00,0.00,459.05,0
1762305106766941455,99644.34,99644.34,725.00,0.00,459.05,0
1762305107772498461,99644.34,99644.34,725.00,0.00,459.05,0
1762305108800006553,99644.34,99644.34,725.00,0.00,459.05,0
1762305109803836653,99644.34,99644.34,725.00,0.00,459.05,0
1762305110803847333,99644.34,99644.34,725.00,0.00,459.05,0
1762305111816239657,99644.34,99644.34,725.00,0.00,459.05,0
1762305112833952169,99629.67,99642.17,725.00,-12.50,473.72,1
1762305114031506663,99629.67,99642.17,725.00,-12.50,473.72,1
1762305115087936923,99629.67,99642.17,725.00,-12.50,473.72,1
1762305116097933361,99617.17,99642.17,725.00,-25.00,486.22,1
1762305117239023203,99604.67,99642.17,725.00,-37.50,498.72,1
1762305118243103577,99592.17,99642.17,725.00,-50.00,511.22,1
1762305119384412497,99604.67,99642.17,725.00,-37.50,498.72,1
1762305120570403523,99617.17,99642.17,725.00,-25.00,486.22,1
1762305121574500937,99625.33,99625.33,712.50,0.00,478.06,1
1762305122578042633,99625.33,99625.33,712.50,0.00,478.06,1
1762305123621645997,99648.16,99648.16,737.50,0.00,455.23,0
1762305124625001999,99648.16,99648.16,737.50,0.00,455.23,0
1762305125639061717,99658.49,99645.99,737.50,12.50,444.90,1
1762305126651371987,99645.99,99645.99,737.50,0.00,457.40,1
1762305127750031111,99658.49,99645.99,737.50,12.50,444.90,1
1762305128763457049,99668.82,99668.82,762.50,0.00,434.57,0
1762305129764894115,99668.82,99668.82,762.50,0.00,434.57,0
1762305130795915255,99629.15,99666.65,762.50,-37.50,474.24,1
1762305131796275151,99641.65,99666.65,762.50,-25.00,461.74,1
1762305132811635675,99641.65,99666.65,762.50,-25.00,461.74,1
1762305133816819945,99641.65,99666.65,762.50,-25.00,461.74,1
1762305134841881767,99654.15,99666.65,762.50,-12.50,449.24,1
1762305135846209235,99641.65,99666.65,762.50,-25.00,461.74,1
1762305136858644683,99641.65,99666.65,762.50,-25.00,461.74,1
1762305137885756561,99641.65,99666.65,762.50,-25.00,461.74,1
1762305138945374123,99629.15,99666.65,762.50,-37.50,474.24,1
1762305139948575695,99629.15,99666.65,762.50,-37.50,474.24,1
1762305141003959565,99604.15,99666.65,762.50,-62.50,499.24,1
1762305142003971517,99591.65,99666.65,762.50,-75.00,511.74,1
1762305143004005417,99614.48,99614.48,712.50,0.00,488.91,0
1762305144040154215,99614.48,99614.48,712.50,0.00,488.91,0
1762305145043711719,99599.81,99612.31,712.50,-12.50,503.58,1
1762305146111735867,99587.31,99612.31,712.50,-25.00,516.08,1
1762305147127256931,99587.31,99612.31,712.50,-25.00,516.08,1
1762305148163399059,99587.31,99612.31,712.50,-25.00,516.08,1
1762305149187991371,99597.64,99597.64,700.00,0.00,505.75,0
1762305150189947459,99597.64,99597.64,700.00,0.00,505.75,0
1762305151204138647,99595.47,99595.47,700.00,0.00,507.92,1
1762305152242204699,99582.97,99595.47,700.00,-12.50,520.42,1
1762305153260465597,99595.47,99595.47,700.00,0.00,507.92,1
1762305154343275131,99582.97,99595.47,700.00,-12.50,520.42,1
